Sr.,Particulars,Qty,Rate,Total,Date,Company
1,Housing 70,364,9,3276,3-Jan-12,Mega Hi Tech
2,Upper Cover Unique,533,36,19188,,
3,Back Cover 70,689,30,20670,,
4,Housing Quinque,30,35,1050,,
5,Rubber Ring Small,200,5,1000,,
6,Rubber Ring,500,5,2500,,
7,,,,47684,,
8,Upper Cover 70,664,36,23904,7-Jan-12,
9,Back Cover 70 Hole,729,30,21870,,
10,,,,45774,,
11,dial Blank Quinque,500,12,6000,14-Jan-12,
12,Dial Blank 125 Set,1000,8,8000,,
13,Upper Cover United,1290,36,46440,,
14,,,,60440,,
15,Dial Blank 125 Set,1000,8,8000,18-Jan-12,
16,Dial Blank Sohrab JS,200,12,2400,,
17,Upper Cover 70 New,680,36,24480,,
18,Back Cover 70 Hole,748,30,22440,,
19,,,,57320,,
20,Housing Quinque,100,35,3500,20-Jan-12,
21,Dial Blank quinque,500,12,6000,,
22,Upper Cover 1-10,120,48,5760,,
23,Upper Cover Unique,510,36,18360,,
24,Upper Cover 70 New,240,36,8640,,
25,Back Cover 70,617,30,18510,,
26,Nest Red,300,20,6000,,
27,,,,66770,,
28,dial Blank Quinque,275,12,3300,25-Jan-12,
29,Upper Cover Unique,744,36,26784,,
30,Back cover 70,416,30,12480,,
31,Back Cover 70 Gare Counter,102,30,3060,,
32,,,,45624,,
33,Upper Cover United,921,36,33156,27-Jan-12,
34,Back Cover 70,603,30,18090,,
35,,,,51246,,
36,Upper Cover 70 Unique,510,36,18360,2-Feb-12,
37,back Cover 70,814,30,24420,,
38,,,,42780,,
39,Dial Blank Quinque,500,12,6000,4-Feb-12,
40,Upper Cover 70,527,36,18972,,
41,Back Cover 70 Hole,562,30,16860,,
42,,,,41832,,
43,Dial Blank 125 Set,500,16,8000,7-Feb-12,
44,Dial Blank Rikshaw,500,8,4000,,
45,Upper Cover 1-10,300,48,14400,,
46,Back Cover 1-10,300,20,6000,,
47,Housing 1-10,185,35,6475,,
48,Nest Sohrab JS,300,20,6000,,
49,Housing sohrab JS,100,35,3500,,
50,,,,48375,,
51,Upper Cover 70,495,36,17820,13-Feb-12,
52,Upper Cover Zxmco,314,36,11304,,
53,Back Cover 70 Gare Counter,549,30,16470,,
54,Housing 70 Gare Counter,540,9,4860,,
55,,,,50454,,
,,,,,,
M/S,Mega Hi Tech,,,,,
,,,,,,
Sr.,Particulars,Qty,Rate,Total,Date,
1,Back Cover 70 Gare Counter,93,30,2790,23-Feb-12,
2,upper Cover 70 New,415,36,14940,,
3,Back Cover 70 ,705,30,21150,,
4,Upper Cover Sohrab JS,104,48,4992,,
5,Nest Sohrab JS,300,20,6000,,
6,Back Cover Sohrab JS,300,20,6000,,
7,,,,55872,,
8,Upper Cover Zxmco,867,36,31212,1-Mar-12,
9,Back Cover 70 Hole,568,30,17040,,
10,,,,48252,,
11,Upper Cover 70 New,553,36,19908,3-Mar-12,
12,Back Cover 70 Gare Counter,506,30,15180,,
13,Housing 70 Gare Counter,550,9,4950,,
14,,,,40038,,
15,Back Cover 70,243,30,7290,10-Mar-12,
16,Cover Set 125,500,120,60000,,
17,,,,67290,,
18,Upper Cover 70 New,412,36,14832,12-Mar-12,
19,Back Cover 70,399,30,11970,,
20,,,,26802,,
21,Upper Cover Unique,518,36,18648,16-Mar-12,
22,Upper Cover 70 New,288,36,10368,,
23,Upper Cpver Zxmco,170,36,6120,,
24,Back Cover 70,297,30,8910,,
25,,,,44046,,
26,Upper Cover Zxmco,499,36,17964,21-Mar-12,
27,Back Cover 70,501,30,15030,,
28,,,,32994,,
29,Upper Cover Zxmco,253,36,9108,22-Mar-12,
30,Back Cover 70,306,30,9180,,
31,,,,18288,,
32,Upper Cover 70 ,480,36,17280,22-Mar-12,
33,Back Cover 70,196,30,5880,,
34,Housing 70,392,9,3528,,
35,,,,26688,,
36,Upper Cover Zxmco,290,36,10440,24-Mar-12,
37,Back Cover 70,221,30,6630,,
38,Housing 70,451,9,4059,,
39,,,,21129,,
40,Upper Cover Zxmco,460,36,16560,26-Mar-12,
41,Back Cover 70,672,30,20160,,
42,Dial Blank 70,500,8,4000,,
43,,,,40720,,
44,Upper Cover Zxmco,222,36,7992,28-Mar-12,
45,Back Cover 70,501,30,15030,,
46,,,,23022,,
47,Back cover 70,496,30,14880,29-Mar-12,
48,Back Cover 70 (Hole),225,30,6750,,
49,,,,21630,,
50,Upper Cover Zxmco,222,36,7992,31-Mar-12,
51,Upper Cover Zxmco,415,36,14940,,
52,Back Cover 70,231,30,6930,,
53,,,,29862,,
,,,,,,
M/S,Mega Hi Tech,,,,,
,,,,,,
Sr.,Particulars,Qty,Rate,Total,Date,
1,Upper Cover Zxmco,447,36,16092,2-Apr-12,
2,Back Cover 70,279,30,8370,,
3,,,,24462,,
4,Upper Cover 70,370,36,13320,5-Apr-12,
5,Back Cover 70,465,30,13950,,
6,,,,27270,,
7,Back Cover 70,382,30,11460,12-Apr-12,
8,Upper Cover 70 window,222,36,7992,,
9,,,,19452,,
10,Upper Cover 70 window,370,36,13320,13-Apr-12,
11,Back Cover 70,398,30,11940,,
12,Housing rikshaw large,510,25,12750,,
13,,,,38010,,
14,Rubber Ring Large,500,10,5000,17-Apr-12,
15,Rubber Ring Small,1000,5,5000,,
16,Upper Cover 70 New,271,36,9756,,
17,Back Cover 70 gare counter,477,30,14310,,
18,Housing 70 Gare Counter,250,9,2250,,
19,,,,36316,,
20,Houing Rikshaw Small,200,17,3400,20-Apr-12,
21,Upper Cover 70,472,36,16992,,
22,Back Cover 70,406,30,12180,,
23,Upper Cover 70 window,424,36,15264,,
24,,,,47836,,
25,Upper Cover 70 window,323,36,11628,24-Apr-12,
26,Back Cover 70,819,30,24570,,
27,,,,36198,,
28,Dial Blank Qinque,200,12,2400,26-Apr-12,imran
29,Upper Cover Sohrab window,116,48,5568,7-May-12,
30,Upper Cover Window 70,488,36,17568,,
31,Back Cover 70,687,30,20610,,
32,,,,46146,,
33,Upper Cover 70 new,368,36,13248,11-May-12,
34,back Cover 70 gare counter,478,30,14340,,
35,Housing Qinque,468,35,16380,,
36,Housing small Rikshaw,400,17,6800,,
37,,,,50768,,
38,Cover Set Honda 125,116,120,13920,11-May-12,
39,Upper Cover Unique 70,74,36,2664,,
40,Back Cover 70,408,30,12240,,
41,,,,28824,,
42,Upper Cover Window,467,36,16812,14-May,
43,Back Cover 70 hole,443,30,13290,,
44,,,,30102,,
45,Upper Cover Window,252,48,12096,14-May-12,
46,Back Cover 70 hole,192,30,5760,,
47,Cover  set 125,150,120,18000,,
48,,,,35856,,
49,Cover Set 125 window,63,120,7560,15-May-12,
50,Cover set 125,277,120,33240,17-May-12,
51,Back Cover 70 hole,310,30,9300,,
52,,,,42540,,
,,,,,,
M/S,Mega Hi Tech,,,,,
,,,,,,
Sr.,Particulars,Qty,Rate,Total,Date,
1,Dial Blank 125,200,9,1800,23-May-12,
2,Dial Blank Qinque,200,12,2400,,
3,Upper Cover Window,148,36,5328,,
4,Upper Cover Window,323,36,11628,,
5,Back Cover 70,415,30,12450,,
6,,,,33606,,
7,Dial Blank Qinque,125,12,1500,28-May-12,
8,Dial Blank 125,1400,9,12600,,
9,Upper Cover Window,395,36,14220,,
10,Back Cover 70,289,30,8670,,
11,,,,36990,,
12,Cover  set 125,200,120,24000,5/30/2012,
13,Upper Cover Window,272,36,9792,,
14,,,,33792,,
15,Dial Blank Qinque,1000,12,12000,4-Jun-12,
16,Upper Cover Window,518,36,18648,,
17,Back Cover 70,658,30,19740,,
18,,,,50388,,
19,Upper Cover 70 Window,518,36,18648,5-Jun-12,
20,Back Cover 70,437,30,13110,,
21,Housinhg 125 White,370,,31758,,
22,Back cover 70 gare Counter,168,30,5040,7-Jun-12,
23,Housing 70 gare counter,130,9,1170,,
24,Cover Set 125 white hole,665,125,83125,,
25,Back Cover 70 gare counter,278,30,8340,,
26,Housing 70 gare counter,330,9,2970,,
27,,,,100645,,
28,Cover  set 125 white hole,321,125,40125,9-Jun-12,
29,Upper Cover 70 Window,444,36,15984,,
30,Back Cover 70,732,30,21960,,
31,,,,37944,,
32,Upper Cover Window,444,36,15984,12-Jun-12,
33,Back Cover 70,732,30,21960,,
34,,,,37944,,
35,Upper Cover Window,666,36,23976,13-Jun-12,
36,Back Cover 70,306,30,9180,,
37,Cover  set 125,138,125,17250,,
38,,,,50406,,
39,Upper Cover Window,74,36,2664,16-Jun-12,
40,Back Cover 70,615,30,18450,,
41,Upper Cover Window,439,36,15804,,
42,,,,36918,,
43,Upper Cover Window,444,36,15984,18-Jun-12,
44,Back Cover 70,304,30,9120,,
45,,,,25104,,
46,Upper Cover Window,370,36,13320,6/19/2012,
47,Back Cover 70,204,30,6120,,
48,back Cover 70 gare Counter,238,30,7140,,
49,Housing 70 gare Counter,410,9,3690,,
50,,,,30270,,
,,,,,,
M/S,Mega Hi Tech,,,,,
,,,,,,
Sr.,Particulars,Qty,Rate,Total,Date,
1,Back Cover 70 Hole,701,30,21030,21-Jun-12,
2,Upper Cover Window,545,36,19620,22-Jun-12,
3,Back Cover 70,263,30,7890,,
4,,,,27510,,
5,Upper Cover 70 Window,294,36,10584,27-Jun-12,
6,Back Cover 70 hole,381,30,11430,,
7,Back Cover 70,271,30,8130,,
8,,,,30144,,
9,Upper Cover 70 Window,370,36,13320,7/3/2012,
10,Upper Cover 70 Window,505,36,18180,,
11,Upper Cover 70 Window,305,36,10980,,
12,Back Cover 70,235,30,7050,,
13,Back Cover 70 hole,252,30,7560,,
14,,,,57090,,
15,upper Cover 70 Window,370,36,13320,4-Jul-12,
16,Back Cover 70,245,30,7350,,
17,Back cover 70 hole,250,30,7500,,
18,,,,28170,,
19,Upper Cover 70,296,36,10656,7-Jul-12,
20,Back Cover 70,556,30,16680,,
21,,,,27336,,
22,Back Cover 70,1217,30,36510,7-Jul-12,
23,Upper Cover Window,610,36,21960,9-Jul-12,
24,Back Cover 70,435,30,13050,,
25,Back Cover 70 Hole,140,30,4200,,
26,Upper Cover 70,450,36,16200,,
27,,,,55410,,
28,Upper Cover Window,296,36,10656,11-Jul-12,
29,Back Cover 70 Hole,325,30,9750,,
30,Back Cover 70,501,30,15030,,
31,,,,35436,,
32,Upper Cover Window,446,36,16056,12-Jul-12,
33,Back Cover 70,888,30,26640,,
34,,,,42696,,
35,Upper Cover Window,740,36,26640,14-Jul-12,
36,Back Cover 70,537,30,16110,,
37,,,,42750,,
38,Upper Cover Window,563,36,20268,16-Jul-12,
39,Back Cover 70,740,30,22200,,
40,,,,42468,,
41,Upper Cover Window,627,36,22572,18-Jul,
42,Back Cover 70,520,30,15600,,
43,,,,38172,,
44,Upper Cover Window,628,36,22608,20-Jul-12,
45,Back Cover 70,677,30,20310,,
46,Dial Blank 125,1650,9,14850,,
47,,,,57768,,
48,Upper Cover Window,562,36,20232,21-Jul-12,
49,Back Cover 70,597,30,17910,,
50,,,,38142,,
51,back Cover 70 Gare Counter,516,30,15480,23-Jul-12,
52,Housing 70 gare Counter,510,9,4590,,
53,Back Cover 70 Hole,234,30,7020,,
54,,,,27090,,
55,Upper Cover 70,295,36,10620,24-Jul-12,
56,Upper Cover Window,298,36,10728,,
57,Back Cover 70 Hole,370,30,11100,,
58,Back Cover 70,461,30,13830,,
59,,,,46278,,
60,Upper Cover Window,409,36,14724,25-Jul-12,
61,Upper Cover 70,261,36,9396,,
62,Back Cover 70,673,30,20190,,
63,,,,44310,,
64,Upper Cover Unique,573,36,20628,26-Jul-12,
65,Back Cover 70,931,30,27930,,
66,Rubber Ring set,500,35,17500,,
67,,,,66058,,
68,Upper Cover 70,826,36,29736,28-Jul-12,
69,Back Cover 70,828,30,24840,,
70,,,,54576,,
71,Cover  set 125,200,125,25000,28-Jul-12,
72,Upper Cover Window,182,36,6552,,
73,Back Cover 70,453,30,13590,,
74,Back Cover 70 Hole,195,30,5850,,
75,,,,50992,,
76,Upper Cover 70 New,502,36,18072,31-Jul-12,
77,Back Cover 70,699,30,20970,,
78,,,,39042,,
79,Cover  set 125,400,125,50000,2-Aug-12,
80,Upper Cover Window,230,36,8280,,
81,,,,58280,,
82,Upper Cover Window,385,36,13860,4-Aug-12,
83,Back Cover 70,451,30,13530,,
84,Back Cover 70 Hole,271,30,8130,,
85,,,,35520,,
86,Upper Cover Unique,316,36,11376,6-Aug-12,
87,Back Cover 70 Hole,500,30,15000,,
88,Upper Cover Window,866,36,31176,,
89,Upper Cover Unique,505,36,18180,,
90,Back Cover 70 Hole,133,30,3990,,
91,,,,79722,,
92,Upper Cover Unique,266,36,9576,7-Aug-12,
93,Back Cover 70 Hole,631,30,18930,,
94,,,,28506,,
95,Upper Cover Window,252,36,9072,8-Aug-12,
96,Back Cover 70 Hole,306,30,9180,,
97,,,,18252,,
98,Upper Cover Window,222,36,7992,9-Aug-12,
99,Back Cover 70 Hole,214,30,6420,,
100,,,,14412,,
101,Dial Blank Qinque,500,12,6000,11-Aug-12,
102,Upper Cover Window,307,36,11052,,
103,Upper Cover 70 New,205,36,7380,,
104,Back Cover 70,269,30,8070,,
105,,,,32502,,
106,Upper Cover Window,475,36,17100,13-Aug-12,
107,Back Cover 70,585,30,17550,,
108,,,,34650,,
109,Upper Cover Window,610,36,21960,14-Aug-12,
110,Back Cover 70,603,30,18090,,
111,,,,40050,,
112,Upper Cover Window,356,36,12816,16-Aug-12,
113,Back Cover70 Hole,765,30,22950,,
114,,,,35766,,
115,Upper Cover Window,377,36,13572,17-Aug-12,
116,Back Cover 70 Hole,300,30,9000,,
117,Back Cover 70,651,30,19530,,
118,,,,42102,,
119,Upper Cover Unique,744,36,26784,27-Aug-12,
120,Upper Cover Window,516,36,18576,,
121,Cover Set Racer,208,125,26000,,
122,Dial Blank Ravi,360,12,4320,,
123,,,,75680,,
124,Upper Cover Window,540,36,19440,28-Aug-12,
125,Upper Cover Unique,296,36,10656,,
126,Back Cover 70 Hole,499,30,14970,,
127,,,,45066,,
128,Upper Cover Window,522,36,18792,29-Aug-12,
129,Upper Cover Unique,284,36,10224,,
130,Back Cover 70 Hole,583,30,17490,,
131,,,,46506,,
132,Upper Cover Window,696,36,25056,31-Aug-12,
133,Back Cover 70,544,30,16320,,
134,Back Cover 70 Hole,276,30,8280,,
135,,,,49656,,
136,Dial Blank 125,1000,9,9000,1-Sep-12,
137,Upper Cover Unique,744,36,26784,,
138,Upper Cover Window,452,36,16272,,
139,Back Cover 70 Hole,60,30,1800,,
140,,,,53856,,
141,Upper Cover Window,278,36,10008,4-Sep-12,
142,Back Cover 70,628,30,18840,,
143,Back Cover 70 Hole,492,30,14760,,
144,,,,43608,,
145,Upper Cover Window,518,36,18648,5-Sep-12,
146,Back Cover 70,555,30,16650,,
147,Back Cover 70 Hole,407,30,12210,,
148,,,,47508,,
149,Upper Cover Window,794,36,28584,6-Sep-12,
150,Back Cover 70,222,30,6660,,
151,Back Cover 70 Hole,727,30,21810,,
152,,,,57054,,
153,Back Cover 70,408,30,12240,7-Sep-12,
154,Back Cover 70 Hole,777,30,23310,,
155,Houing 70 Blue,2047,9,18423,,
156,,,,53973,,
157,Upper Cover Window,758,36,27288,7-Sep-12,
158,Cover Set Ravi,224,125,28000,,
159,,,,55288,,
160,Upper Cover Window,618,36,22248,10-Sep-12,
161,Back Cover 70,271,30,8130,,
162,Back Cover 70 Hole,847,30,25410,,
163,,,,55788,,
164,Upper Cover Window,426,36,15336,11-Sep-12,
165,Back Cover 70,435,30,13050,,
166,Back Cover gare counter,340,30,10200,,
167,Houing 70 gare counter,320,9,2880,,
168,,,,41466,,
169,Upper Cover Window,368,36,13248,12-Sep-12,
170,Upper Cover 70 New,321,36,11556,,
171,Back Cover 70,1299,30,38970,,
172,,,,63774,,
173,Upper Cover Window,610,36,21960,13-Sep-12,
174,Back Cover 70 Hole,932,30,27960,,
175,Housing Rikshaw small,100,17,1700,,
176,,,,51620,,
177,Upper Cover Window,369,36,13284,14-Sep-12,
178,Upper Cover 70 New,314,36,11304, ,
179,Back Cover 70 gare Counter,415,30,12450,,
180,Back Cover 70 Hole,392,30,11760,,
181,Back Cover 70,211,30,6330,,
182,,,,55128,,
183,Upper Cover Window,240,36,8640,15-Sep-12,
184,Back Cover 70 Hole,520,30,15600,,
185,Back Cover 70 Hole,508,30,15240,,
186,Houing Rikshaw Small,500,17,8500,,
187,,,,47980,,
188,Upper Cover Window,360,36,12960,17-Sep-12,
189,Back Cover 70 ,372,30,11160,,
190,Back Cover 70 Hole,506,30,15180,,
191,Dial Blank 70,1000,9,9000,,
192,Cover  set 125,100,125,12500,,
193,,,,60800,,
194,Upper Cover Unique,368,36,13248,19-Sep-12,
195,Upper Cover Window,402,36,14472,,
196,Back Cover 70,297,30,8910,,
197,Back Cover 70 Hole,339,30,10170,,
198,,,,46800,,
199,Upper Cover Window,643,36,23148,20-Sep-12,
200,Back Cover 70,306,30,9180,,
201,Back Cover 70 Hole,308,30,9240,,
202,Rubber Ring Small Inner,550,5,2750,,
203,Rubber ring Outer,500,5,2500,,
204,,,,46818,,
205,Upper Cover Window,762,36,27432,25-Sep-12,
206,Back Cover 70,402,30,12060,,
207,Housing 70,1033,9,9297,,
208,,,,48789,,
209,Dial Blank 125,1000,9,9000,27-Sep-12,
210,Upper Cover Window,672,36,24192,,
211,Back Cover 70,676,30,20280,,
212,Housing Rikshaw small,500,17,8500,,
213,Rubber ring Outer,500,5,2500,,
214,Rubber Ring Small Inner,550,5,2750,,
215,,,,67222,,
216,Upper Cover Unique,661,36,23796,27-Sep-12,
217,Back Cover 70,672,30,20160,,
218,,,,43956,,
219,Cover  set 125,200,125,25000,29-Sep-12,
220,Back Cover 70,399,30,11970,,
221,,,,36970,,
222,Upper Cover Unique,536,36,19296,2-Oct-12,
223,Upper Cover Window,296,36,10656,,
224,Upper Cover 70 new,314,36,11304,,
225,Back Cover 70 Hole,859,30,25770,,
226,,,,67026,,
227,Upper Cover Unique,894,36,32184,5-Oct-12,
228,Housing 70,867,9,7803,,
229,back Cover 125,200,20,4000,,
230,,,,43987,,
231,Upper Cover window,787,36,28332,8-Oct-12,
232,Upper Cover Unique,240,36,8640,,
233,,,,36972,,
234,Dial Blank 125,1000,9,9000,10-Oct-12,
235,Upper cover Unique,157,36,5652,,
236,Upper Cover Window,758,36,27288,,
237,Back Cover 70,255,30,7650,,
238,Back Cover 70 Hole,426,30,12780,,
239,Housing Ravi,100,10.9,1090,,
240,,,,63460,,
241,Upper Cover Window,453,36,16308,11-Oct-12,
242,Back Cover 70 Hole,1049,30,31470,,
243,Houing 70 Black,240,9,2160,,
244,Cover set Ravi,112,125,14000,,
245,,,,63938,,
246,Upper Cover Window,473,36,17028,12-Oct-12,
247,Upper Cover Unique,370,36,13320,,
248,Back Cover 70 Hole,1087,30,32610,,
249,,,,62958,,
250,Upper cover Unique,426,36,15336,13-Oct-12,
251,Upper Cover Window,628,36,22608,,
252,Back Cover 70,330,30,9900,,
253,Back Cover 70 Hole,782,30,23460,,
254,,,,71304,,
255,Dial Blank Rikshaw,500,9,4500,16-Oct-12,
256,dial Blank 125ia,174,,0,,
257,Upper Cover unique,174,36,6264,,
258,Uupper Cover window,860,36,30960,,
259,Cover  set 125,100,125,12500,,
260,,,,54224,,
261,upper Cover Window,157,36,5652,18-Oct-12,
262,Housing 125 White,107,,0,,
263,Cover Set 125,300,125,37500,,
264,Upper Cover Window,1153,36,41508,,
265,,,,84660,,
266,Upper Cover Window,222,36,7992,20-Oct-12,
267,Back Cover 70 gare Counter,222,30,6660,,
268,Cove set 125,260,125,32500,,
269,,,,47152,,
270,Upper Cover 70,980,36,35280,22-Oct-12,
271,Cove set 125,300,125,37500,,
272,,,,72780,,
273,Upper Cover Window,804,36,28944,31-Oct-12,
274,Dial Blank 70,806,9,7254,1-Nov-12,
275,Upper cover 70,536,36,19296,,
276,Upper Cover unique,548,36,19728,,
277,Back Cover 70 Gare Counter,553,30,16590,,
278,,,,62868,,
279,Dial Blank 70,500,9,4500,2-Nov-12,
280,Dial Blank 125,1000,9,9000,,
281,Houing 70 ,640,9,5760,,
282,Cover  set 125,500,125,62500,,
283,,,,81760,,
284,Upper Cover Window,1014,36,36504,5-Nov-12,
285,back cover 70,691,30,20730,,
286,,,,57234,,
287,Upper cover 70 New,508,36,18288,7-Nov-12,
288,upper Cover window,527,36,18972,,
289,back Cover 70,1036,30,31080,,
290,,,,68340,,
291,Upper Cover Window,1013,36,36468,15-Nov-12,
292,Back Cover 70,789,30,23670,,
293,,,,60138,,
294,Dial Blank Master,500,8,4000,,
295,Housing Rikshaw small,370,17,6290,,
296,Nest Rikshaw Small,400,5,2000,,
297,,,,12290,,
298,Dial Blank 125,300,9,2700,27-Nov-12,
299,Cover Set 125,200,125,25000,,
300,Cover Set Ravi 100cc,160,125,20000,,
301,upper cover window,521,36,18756,,
302,,,,66456,,
303,Upper cover Window,1019,36,36684,28-Nov-12,
304,Upper Cover Unique,516,36,18576,,
305,Back cover 70,315,30,9450,,
306,,,,64710,,
307,Upper cover Window,564,36,20304,29-Nov-12,
308,Upper Cover Unique,300,36,10800,,
309,Back cover 70 Hole,854,30,25620,,
310,,,,56724,,
311,Cover Set 125,330,125,41250,30-Nov-12,
312,Upper Cover Window,150,36,5400,,
313,Back Cover 70,385,30,11550,,
314,Back Cover 70 Hole,574,30,17220,,
315,,,,75420,,
316,Upper cover window,814,36,29304,3-Dec-12,
317,Upper Cover unique,314,36,11304,,
318,Cover  set 125,400,125,50000,,
319,,,,90608,,
320,Dial Blank Qinque,320,12,3840,8-Dec-12,
321,Upper Cover 70 unique,568,36,20448,,
322,upper Cover window,807,36,29052,,
323,back cover 70 Hole,190,30,5700,,
324,Back Cover 70,204,30,6120,,
325,,,,65160,,
326,Upper Cover Window,524,36,18864,12-Dec-12,
327,Upper cover Unique,532,36,19152,,
328,back cover 70,1044,30,31320,,
329,Nest Rikshaw Small,700,5,3500,,
330,,,,72836,,
331,Upper Cover Window,711,36,25596,17-Dec-12,
332,Upper cover Unique,316,36,11376,,
333,Back Cover 70,720,30,21600,,
334,Back Cover 70 Hole,317,30,9510,,
335,,,,68082,,
336,Upper Cover 70 Unique,809,36,29124,18-Dec-12,
337,Back Cover 70,1052,30,31560,,
338,Houing 70 ,546,9,4914,,
339,,,,65598,,
340,Upper Cover window,492,36,17712,20-Dec-12,
341,back Cover 70,795,30,23850,,
342,Housing 70 Black,660,9,5940,,
343,,,,47502,,
344,Dial Blank 70,1000,9,9000,26-Dec-12,
345,Dial Blank 125,1000,8,8000,,
346,Upper Cover 70 new,533,36,19188,,
347,Back Cover 70 Hole,981,30,29430,,
348,Back Cover 70,473,30,14190,,
349,,,,79808,,
350,Upper Cover window,1019,36,36684,29-Dec-12,
351,Back Cover 70,998,30,29940,,
352,,,,66624,,
353,Dial Blank Qinque,540,12,6480,3-Jan-13,
354,Cove set 125,500,125,62500,,
355,Housing Rikshaw small,450,17,7650,,
356,Housing Rikshaw Large,500,25,12500,,
357,,,,89130,,
358,Rubber Ring Rikshaw big,500,10,5000,10-Jan-13,
359,Rubber Ring Rikshaw Small,500,5,2500,,
360,Housing 70 Black,143,9,1287,,
361,Upper Cover window,571,36,20556,,
362,Back Cover 70 Hole,966,30,28980,,
363,Housing 70 Black,473,9,4257,,
364,,,,62580,,
365,Rubber Ring  Outer,500,5,2500,18-Jan-13,
366,Rubber Ring Inner,500,5,2500,,
367,Housing rikshaw Small,260,17,4420,,
368,Dial Blank window Rikshaw,500,12,6000,,
369,Upper Cover Window,1040,36,37440,,
370,Back Cover 70 Hole,632,30,18960,,
371,Housing Rikshaw Small,862,17,14654,,
372,Nest Rikshaw,1000,5,5000,,
373,Rubber Ring  Outer,200,5,1000,,
374,Rubber Ring  inner,200,5,1000,,
375,,,,93474,,
376,Upper Cover 70 new,1048,36,37728,19-Jan-13,
377,Upper Cover Window,332,36,11952,,
378,Back Cover 70,628,30,18840,,
379,,,,68520,,
380,Back Cover 70 Hole,113,30,3390,24-Jan-13,
381,Dial Blank 70,500,9,4500,,
382,Back Cover 70 Gare counter,324,30,9720,,
383,Upper Cover Window,547,36,19692,,
384,Dial Blank 70,1000,9,9000,,
385,Housing Rikshaw Inner,475,5,2375,,
386,Housing Rikshaw Outer,200,5,1000,,
387,Nest Large,710,10,7100,,
388,,,,56777,,
389,Dial Blank Rikshaw,250,12,3000,1-Feb-13,
390,Dial Blank Master,500,8,4000,,
391,Housing Rikshaw,400,17,6800,,
392,Housing Rikshaw Inner,1000,5,5000,,
393,Housing Rikshaw Outer,1000,5,5000,,
394,Dial Blank 70,500,9,4500,,
395,Housing Rikshaw Large,80,25,2000,,
396,Housing Rikshaw small,300,17,5100,,
397,Nest Large,210,10,2100,,
398,Dial Blank Rikshaw Speedo,500,12,6000,,
399,,,,43500,,
400,Housing Rikshaw Large,220,25,5500,6-Feb-13,
401,Housing Rikshaw small,400,17,6800,,
402,Cover set Ravi,100,125,12500,,
403,Back Cover 70,524,30,15720,,
404,Houing 70 ,210,9,1890,,
405,Houing 70 Gare counter,280,9,2520,,
406,Rubber ring  Outer large,330,10,3300,,
407,,,,48230,,
408,Nest Large,200,10,2000,8-Feb-13,
409,Rubber ring Outer large,646,10,6460,,
410,Rubber Ring Inner,915,5,4575,,
411,Nest Small,825,5,4125,,
412,,,,17160,,
413,Dial Blank 70,500,9,4500,9-Feb-13,
414,Upper Cover 70 New,243,36,8748,,
415,Back Cover 70,1010,30,30300,,
416,housing rikshaw Large,1045,25,26125,,
417,Houing Rikshaw Small,1400,17,23800,,
418,Rubber ring Outer,775,5,3875,,
419,Rubber Ring Inner,400,5,2000,,
420,Nest Small,500,5,2500,,
421,,,,101848,,
422,Dial Blank 125,100,8,800,14-Feb-13,
423,Dial Blank Qinque,50,12,600,,
424,Nest Rikshaw small,515,5,2575,,
425,Nest Large,165,10,1650,,
426,Rubber ring Outer,320,5,1600,,
427,Rubber Ring Inner,350,5,1750,,
428,Small Outer,620,5,3100,,
429,,,,12075,,
430,Dial Blank 70,500,9,4500,19-Feb-13,
431,Upper Cover Unique,321,36,11556,,
432,Upper Cover 70 ,159,36,5724,,
433,Back Cover 70 Hole,378,30,11340,,
434,,,,33120,,
435,Dial Blank 70,550,9,4950,21-Feb-13,
436,Upper Cover Unique,518,36,18648,,
437,Upper Cover 70 New,222,36,7992,,
438,Back Cover 70,853,30,25590,,
439,Back Cover 70 gare Counter,204,30,6120,,
440,Houing 70 gare counter,200,9,1800,,
441,,,,65100,,
442,Upper Cover 70,1036,36,37296,25-Feb-13,
443,Back Cover 70 Hole,378,30,11340,,
444,Housing 70 gare Counter,200,9,1800,,
445,,,,50436,,
446,Upper Cover 70 New,239,36,8604,27-Feb-13,
447,Back Cover 70,510,30,15300,,
448,Back Cover 70 Hole,1078,30,32340,,
449,,,,56244,,
450,Dial Blank 70,550,9,4950,5-Mar-13,
451,Upper Cover Unique,522,36,18792,,
452,Back Cover 70 Hole,963,30,28890,,
453,Housing 70 Black,540,9,4860,,
454,,,,57492,,
455,Upper Cover Window,590,36,21240,6-Mar-13,
456,Back Cover 70,1004,30,30120,,
457,,,,51360,,
458,Upper Cover Window,370,36,13320,7-Mar-13,
459,Housing 70,720,9,6480,,
460,,,,19800,,
461,Dial Blank 125,1000,8,8000,12-Mar-13,
462,Upper Cover Window,500,36,18000,,
463,Back Cover 70 ,713,30,21390,,
464,Upper Cover 70 New,305,36,10980,,
465,Back cover 70 gare Counter,120,30,3600,,
466,Housing 70 gare Counter,320,9,2880,,
467,,,,64850,,
468,upper Cover Zxmco,475,36,17100,13-Mar-13,
469,Upper Cover Window,518,36,18648,,
470,Cover  set 125,500,125,62500,,
471,,,,98248,,
472,dial Blank Master Speedo,1000,8,8000,15-Mar-13,
473,Dial Blank 125,1000,8,8000,,
474,Upper Cover Window,1168,36,42048,,
475,Back Cover 70,1205,30,36150,,
476,,,,94198,,
477,Dial Blank 70,1000,9,9000,16-Mar-13,
478,Upper Cover Window,515,36,18540,,
479,Back Cover 70,1021,30,30630,,
480,Back Cover 70 gare Counter,356,30,10680,,
481,,,,68850,,
482,Dial Blank 70,550,9,4950,19-Mar-13,
483,Upper Cover Window,520,36,18720,,
484,Upper Cover Window,208,36,7488,,
485,Back Cover 70,556,30,16680,,
486,Nest Rikshaw large,500,10,5000,,
487,,,,52838,,
488,Dial Blank 70,500,9,4500,23-Mar-13,
489,Upper Cover Window,456,36,16416,,
490,upper Cover Sohrab JS jick,120,48,5760,,
491,Nest Red,120,20,2400,,
492,Back Cover 70,204,30,6120,,
493,Dial Blank 70,1100,9,9900,,
494,,,,45096,,
495,dial Blank sohrab JS,40,12,480,25-Mar-13,
496,Upper Cover Window,323,36,11628,,
497,Upper Cover Unique,446,36,16056,,
498,Back Cover 70,842,30,25260,,
499,Back Cover 70 Hole,380,30,11400,,
500,,,,64824,,
501,Upper Cover Window,604,36,21744,28-Mar-13,
502,Upper Cover Window,320,36,11520,,
503,Back Cover 70,882,30,26460,,
504,Small Ring outer ,1150,5,5750,,
505,Small Ring Inner,500,5,2500,,
506,,,,67974,,
507,Dial Blank 125,1000,8,8000,30-Mar-13,
508,Dial Blank 70,500,9,4500,,
509,Upper Cover Unique,166,36,5976,,
510,Nest Rikshaw Small,1050,5,5250,,
511,Upper Cover Unique,376,36,13536,,
512,Upper Cover Window,304,36,10944,,
513,Back Cover 70,824,30,24720,,
514,Back Cover 70 Hole,207,30,6210,,
515,,,,79136,,
516,Upper Cover Window,378,36,13608,1-Apr-13,
517,Back Cover 70 Hole,172,30,5160,,
518,Dial Blank 70,1000,9,9000,,
519,,,,27768,,
520,Dial Blank 70,500,9,4500,2-Apr-13,
521,Upper Cover Window,380,36,13680,,
522,Back Cover 70,480,30,14400,,
523,Back Cover 70 Hole,195,30,5850,,
524,Cover  set 125,500,125,62500,,
525,,,,100930,,
526,Upper Cover Window,636,36,22896,3-Apr-13,
527,Back Cover 70 Hole,291,30,8730,,
528,,,,31626,,
529,Upper Cover Unique,678,36,24408,4-Apr-13,
530,Back Cover 70,525,30,15750,,
531,Back Cover 70 Hole,139,30,4170,,
532,,,,44328,,
533,Upper Cover Window,620,36,22320,5-Apr-13,
534,Back Cover 70 Hole,519,30,15570,,
535,back Cover 70 gare Counter,247,30,7410,,
536,,,,45300,,
537,Back Cover 70 Hole,514,30,15420,8-Apr-13,
538,Upper Cover Unique,240,36,8640,,
539,Upper Cover Window,523,36,18828,,
540,Upper cover Zxmco,510,36,18360,,
541,Back Cover 70 Hole,126,30,3780,,
542,,,,65028,,
543,Upper Cover Unique,442,36,15912,10-Apr-13,
544,Upper Cover Window,470,36,16920,,
545,Back Cover 70 Hole,695,30,20850,,
546,Houing 70 ,131,9,1179,,
547,,,,54861,,
548,Upper Cover Window,1056,36,38016,11-Apr-13,
549,Back Cover 70,552,30,16560,,
550,Back Cover 70 Hole,238,30,7140,,
551,Housing 70 Black,342,9,3078,,
552,,,,64794,,
553,Upper Cover Window,714,36,25704,15-Apr-13,
554,Back Cover 70,914,30,27420,,
555,Houing 70 ,460,9,4140,,
556,,,,57264,,
557,Upper Cover Unique,252,36,9072,16-Apr-13,
558,Back Cover 70,843,30,25290,,
559,Houing 70 ,1102,9,9918,,
560,houing 70 Black,540,9,4860,,
561,,,,49140,,
562,Upper Cover Window,152,36,5472,20-Apr-13,
563,Upper Cover Window,546,36,19656,,
564,Upper Cover Unique,376,36,13536,,
565,Upper Cover Window,271,36,9756,,
566,Back Cover 70,399,30,11970,,
567,,,,60390,,
568,Upper Cover Window,198,36,7128,22-Apr-13,
569,Upper Cover Unique,231,36,8316,,
570,Upper Cover 70 New,282,36,10152,,
571,Back Cover 70,517,30,15510,,
572,Houing 70 ,528,9,4752,,
573,,,,45858,,
574,Upper Cover Window,376,36,13536,23-Apr-13,
575,Upper Cover Unique,83,36,2988,,
576,Back Cover 70,583,30,17490,,
577,Houing 70 ,1044,9,9396,,
578,Rubber Ring Small,1000,5,5000,,
579,,,,48410,,
580,Upper Cover Window,282,36,10152,24-Apr-13,
581,Back Cover 70,617,30,18510,,
582,Houing 70 Black,724,9,6516,,
583,,,,35178,,
584,Upper Cover Window,696,36,25056,26-Apr-13,
585,Back Cover 70,696,30,20880,,
586,,,,45936,,
587,Upper Cover Window,889,36,32004,27-Apr-13,
588,Back Cover 70,952,30,28560,,
589,Cove set 125,100,125,12500,,
590,,,,73064,,
591,Upper Cover Unique,470,36,16920,2-May-13,
592,Upper Cover Window,734,36,26424,,
593,Back Cover 70,456,30,13680,,
594,,,,57024,,
595,Upper Cover Unique,156,36,5616,3-May-13,
596,Upper Cover 70 New,94,36,3384,,
597,Upper Cover Window,94,36,3384,,
598,Back Cover 70,612,30,18360,,
599,Back Cover 70 Gare Counter,438,30,13140,,
600,Back Cover 70 Hole,493,30,14790,,
601,,,,58674,,
602,Upper Cover Unique,94,36,3384,4-May-13,
603,Upper Cover 70 New,94,36,3384,,
604,Upper Cover Zxmco,282,36,10152,,
605,Back Cover 70 Hole,268,30,8040,,
606,Housing 70 gare Counter,200,9,1800,,
607,,,,26760,,
608,Upper Cover Window,542,36,19512,6-May-13,
609,Upper Cover Window,157,36,5652,7-May-13,
610,Upper Cover Window,94,36,3384,,
611,Upper Cover Unique,382,36,13752,,
612,Back Cover 70,705,30,21150,,
613,Back Cover 70 Hole,509,30,15270,,
614,,,,59208,,
615,Upper Cover 70,480,36,17280,8-May-13,
616,Upper Cover Window,188,36,6768,,
617,Back Cover 70 Hole,184,30,5520,,
618,Housing 70 Black,393,9,3537,,
619,,,,33105,,
620,Nest rikshaw large,112,10,1120,9-May-13,
621,Rubber Ring Large,640,10,6400,,
622,Rubber Ring Small,760,5,3800,,
623,,,,11320,,
624,Upper Cover Window,188,36,6768,10-May-13,
625,Upper Cover Unique,376,36,13536,,
626,Upper Cover Window,74,36,2664,,
627,Back Cover 70,605,30,18150,,
628,Back Cover 70 Hole,713,30,21390,,
629,,,,62508,,
630,Upper Cover Window,600,36,21600,13-May-13,
631,Upper Cover Unique,302,36,10872,,
632,Back Cover 70,693,30,20790,,
633,Back Cover 70 Hole,348,30,10440,,
634,,,,63702,,
635,Upper Cover Window,801,36,28836,14-May-13,
636,Upper Cover Window,621,36,22356,15-May-13,
637,Upper Cover Window,325,36,11700,,
638,Upper Cover Unique,282,36,10152,,
639,Back Cover 70 Hole,861,30,25830,,
640,Housing 70 Black,366,9,3294,,
641,,,,73332,,
642,Back Cover 70,777,30,23310,16-May-13,
643,Upper Cover Window,752,36,27072,17-May-13,
644,Upper Cover 70,356,36,12816,,
645,back cover 70,666,30,19980,,
646,Housing Rikshaw small,900,17,15300,,
647,,,,75168,,
648,Upper Cover Window,470,36,16920,18-May-13,
649,Back Cover 70,1106,30,33180,,
650,nest Rikshaw large,550,10,5500,,
651,,,,55600,,
652,Upper Cover window,1006,36,36216,20-May-13,
653,Dial Blank 125,200,8,1600,25-May-13,
654,Upper cover zxmco,460,36,16560,,
655,upper Cover Unique,282,36,10152,,
656,Back Cover 70,483,30,14490,,
657,cove set 125,66,125,8250,,
658,,,,51052,,
659,Dial Blank Master,500,8,4000,28-May-13,
660,Upper Cover unique,188,36,6768,,
661,Upper cover window,262,36,9432,,
662,Upper Cover zxmco,470,36,16920,,
663,Back Cover 70,612,30,18360,,
664,,,,55480,,
665,Upper cover unique,470,36,16920,29-May-13,
666,upper Cover 70,292,36,10512,,
667,Back Cover 70,735,30,22050,,
668,,,,49482,,
669,Upper cover Window,282,36,10152,31-May-13,
670,upper cover unique,184,36,6624,,
671,back cover 70,207,30,6210,,
672,Back cover 70 hole,834,30,25020,,
673,,,,48006,,
674,Back Cover 70,900,30,27000,3-Jun-13,
675,Upper cover unique,470,36,16920,,
676,upper cover zxmco,302,36,10872,,
677,Back cover 70 Hole,358,30,10740,,
678,,,,65532,,
679,Upper Cover window,484,36,17424,5-Jun-13,
680,back cover 70,537,30,16110,,
681,,,,33534,,
682,Upper Cover Zxmco,488,36,17568,6-Jun-13,
683,back cover 70,823,30,24690,,
684,,,,42258,,
685,Upper Cover window,271,36,9756,7-Jun-13,
686,back cover 70,664,30,19920,,
687,Upper Cover 125 New,250,60,15000,,
688,,,,44676,,
689,Houing 70 ,390,9,3510,8-Jun-13,
690,Upper cover Window,481,36,17316,,
691,back cover 70,594,30,17820,,
692,upper Cover 125 New,300,60,18000,,
693,back Cover 125,300,20,6000,,
694,,,,62646,,
695,Upper Cover window,198,36,7128,10-Jun-13,
696,back Cover 70,222,30,6660,,
697,Housing 70 blue,960,9,8640,,
698,,,,22428,,
699,Upper cover unique,574,36,20664,12-Jun-13,
700,Upper Cover Window,535,36,19260,,
701,Houing 70 Black,540,9,4860,,
702,,,,44784,,
703,Rubber Ring  Outer,325,5,1625,13-Jun-13,
704,Rubber ring Inner,325,5,1625,,
705,Nest Rikshaw Small,500,5,2500,,
706,Upper cover window,492,36,17712,,
707,Upper Cover Window,262,36,9432,,
708,upper Cover 125 New,300,60,18000,,
709,back Cover 125,300,20,6000,,
710,Housing 70,280,9,2520,,
711,,,,59414,,
712,Upper Cover zxmco,452,36,16272,14-Jun-13,
713,Back Cover 70,326,30,9780,,
714,,,,26052,,
715,Upper Cover Unique,282,36,10152,17-Jun-13,
716,Upper cover zxmco,233,36,8388,,
717,Back Cover 70,699,30,20970,,
718,,,,39510,,
719,Upper Cover Unique,376,36,13536,18-Jun-13,
720,Upper cover Window,396,36,14256,,
721,upper Cover Zxmco,375,36,13500,,
722,Back Cover 70,228,30,6840,,
723,back Cover 70 hole,704,30,21120,,
724,,,,69252,,
725,Upper Cover window,198,36,7128,19-Jun-13,
726,Upper Cover Zxmco,316,36,11376,,
727,Upper Cover Unique,296,36,10656,,
728,Back Cover 70,971,30,29130,,
729,Back Cover 70 Hole,272,30,8160,,
730,,,,66450,,
731,Upper Cover zxmco,345,36,12420,20-Jun-13,
732,back cover 70 ,784,30,23520,,
733,upper Cover Window,282,36,10152,,
734,,,,46092,,
735,dial Blank 70,550,9,4950,21-Jun-13,
736,upper Cover Window,929,36,33444,,
737,Back Cover 70,425,30,12750,,
738,Back Cover 70 hole,213,30,6390,,
739,,,,57534,,
740,Upper cover window,399,36,14364,22-Jun-13,
741,Back Cover 70,831,30,24930,,
742,Back Cover 70 hole,230,30,6900,,
743,,,,46194,,
744,dial blank 70,550,9,4950,24-Jun-13,
745,Upper Cover window,493,36,17748,,
746,Upper Cover window,148,36,5328,,
747,back Cover 70,419,30,12570,,
748,,,,40596,,
749,Upper Cover Zxmco,318,36,11448,25-Jun-13,
750,Upper Cover unique,355,36,12780,,
751,Upper Cover 70 New,282,36,10152,,
752,back Cover 70,720,30,21600,,
753,,,,55980,,
754,upper Cover Window,376,36,13536,26-Jun-13,
755,Back Cover 70,918,30,27540,,
756,,,,41076,,
757,Upper Cover window,846,36,30456,27-Jun-13,
758,Back Cover 70,222,30,6660,,
759,back Cover 70 hole,601,30,18030,,
760,,,,55146,,
761,Cover Set 125 new,300,125,37500,28-Jun-13,
762,Cover set  125 Old,200,125,25000,,
763,Upper Cover window,188,36,6768,,
764,Back Cover 70,348,30,10440,,
765,,,,79708,,
766,Upper Cover window,462,36,16632,29-Jun-13,
767,Back Cover 70,408,30,12240,,
768,,,,28872,,
769,Upper Cover window,470,36,16920,1-Jul-13,
770,back cover 70 Hole,622,30,18660,,
771,,,,35580,,
772,upper Cover window,714,36,25704,2-Jul-13,
773,Upper cover unique,326,36,11736,,
774,Back Cover 70 ,544,30,16320,,
775,Back Cover 70 Hole,509,30,15270,,
776,,,,69030,,
777,upper Cover window,552,36,19872,4-Jul-13,
778,Upper cover unique,584,36,21024,,
779,Back Cover 70 ,333,30,9990,,
780,Back Cover 70 Hole,398,30,11940,,
781,,,,62826,,
782,upper Cover Unique,514,36,18504,5-Jul-13,
783,Upper cover 70 new,472,36,16992,,
784,Back Cover 70 ,1155,30,34650,,
785,,,,70146,,
786,Upper Cover Window,343,36,12348,6-Jul-13,
787,Upper Cover unique,168,36,6048,,
788,Back Cover 70 Hole,435,30,13050,,
789,Dial Blank 125,2000,8,16000,,
790,,,,47446,,
791,Upper Cover window,942,36,33912,8-Jul-13,
792,Back cover 70,503,30,15090,,
793,Back Cover 70 Hole,311,30,9330,,
794,,,,58332,,
795,Upper Cover Window,648,36,23328,10-Jul-13,
796,Back Cover 70,1047,30,31410,,
797,Housing 70 black,396,9,3564,,
798,,,,58302,,
799,Upper Cover Window,436,36,15696,11-Jul-13,
800,Back Cover 70,981,30,29430,,
801,Housing 70 black,950,9,8550,,
802,,,,53676,,
803,Upper Cover Window,703,36,25308,12-Jul-13,
804,Back cover 70,990,30,29700,,
805,,,,55008,,
806,Cover set 125,300,125,37500,13-Jul-13,
807,upper Cover zxmco,350,36,12600,,
808,back Cover 70 hole,93,30,2790,,
809,back Cover 70 gare Counter,65,30,1950,,
810,,,,54840,,
811,upper cover window,322,36,11592,16-Jul-13,
812,upper Cover zxmco,79,36,2844,,
813,back cover 70,429,30,12870,,
814,back cover 70 gare Counter,342,30,10260,,
815,,,,37566,,
816,Upper Cover Window,178,36,6408,18-Jul-13,
817,Upper Cover window,450,36,16200,,
818,Upper Cover 70 New,88,36,3168,,
819,Upper Cover Unique,74,36,2664,,
820,Back Cover 70,519,30,15570,,
821,,,,44010,,
822,Upper Cover Window,719,36,25884,20-Jul-13,
823,Back Cover 70,918,30,27540,,
824,Houing 70 ,720,9,6480,,
825,,,,59904,,
826,Upper cover Unique,489,36,17604,23-Jul-13,
827,Upper Cover zxmco,105,36,3780,,
828,Back cover 70,462,30,13860,,
829,,,,35244,,
830,Upper Cover window,544,36,19584,25-Jul-13,
831,Back Cover 70 Hole,621,30,18630,,
832,Back Cover 70 gare Counter,324,30,9720,,
833,Houing 70 gare counter,280,9,2520,,
834,,,,50454,,
835,upper Cover 70 New,396,36,14256,27-Jul-13,
836,upper Cover Window,356,36,12816,,
837,Back Cover 70,222,30,6660,,
838,Back Cover 70 hole,166,30,4980,,
839,Back Cover 70 gare Counter,238,30,7140,,
840,,,,45852,,
841,Upper Cover Window,384,36,13824,29-Jul-13,
842,Upper cover 70 new,208,36,7488,,
843,Upper Cover unique,94,36,3384,,
844,,,,24696,,
845,upper Cover window,567,36,20412,31-Jul-13,
846,Upper Cover 70 New,375,36,13500,,
847,Upper Cover unique,100,36,3600,,
848,Back Cover 70,408,30,12240,,
849,Back Cover 70 hole,306,30,9180,,
850,,,,58932,,
851,Upper Cover Window,442,36,15912,1-Aug-13,
852,upper Cover Unique,302,36,10872,,
853,Back Cover 70,624,30,18720,,
854,,,,45504,,
855,upper Cover Window,1202,36,43272,3-Aug-13,
856,Back cover 70 ,500,30,15000,,
857,Back cover 70 hole,545,30,16350,,
858,,,,74622,,
859,Upper Cover window,1202,36,43272,5-Aug-13,
860,back cover 70,500,30,15000,,
861,back cover 70 Hole,545,30,16350,,
862,,,,74622,,
863,Upper Cover unique,359,36,12924,6-Aug-13,
864,Upper Cover window,347,36,12492,,
865,back cover 70,364,30,10920,,
866,back cover 70 hole,544,30,16320,,
867,Cover  set 125,200,125,25000,,
868,,,,77656,,
869,upper cover unique,76,36,2736,7-Aug-13,
870,Upper Cover Window,177,36,6372,,
871,Back cover 70 hole,383,30,11490,,
872,back Cover 70,822,30,24660,,
873,,,,45258,,
874,upper Cover Unique,76,36,2736,13-Aug-13,
875,Back Cover 70,793,30,23790,,
876,,,,26526,,
877,upper cover window,498,36,17928,15-Aug-13,
878,Back cover 70 Hole,333,30,9990,,
879,Housing rikshaw large,240,25,6000,,
880,Housing rikshaw large new,48,35,1680,,
881,,,,35598,,
882,Upper Cover Unique,401,36,14436,16-Aug-13,
883,Back Cover 70,333,30,9990,,
884,Back Cover 70 hole,780,30,23400,,
885,,,,47826,,
886,Upper Cover unique,528,36,19008,17-Aug-13,
887,upper Cover Window,83,36,2988,,
888,back Cover 70 hole,843,30,25290,,
889,Housing rikshaw large new,456,35,15960,,
890,,,,63246,,
891,Upper Cover unique,639,36,23004,19-Aug-13,
892,back cover 70,672,30,20160,,
893,back cover 70 hole,663,30,19890,,
894,,,,63054,,
895,Upper cover window,586,36,21096,20-Aug-13,
896,back Cover 70 ,237,30,7110,,
897,back cover 70 hole,1100,30,33000,,
898,,,,61206,,
899,upper cover Window,526,36,18936,21-Aug-13,
900,Upper cover Unique,262,36,9432,,
901,Back cover 70,388,30,11640,,
902,back cover 70 hole,700,30,21000,,
903,,,,61008,,
904,upper cover window,776,36,27936,22-Aug-13,
905,upper Cover Unique,94,36,3384,,
906,Back cover 70,368,30,11040,,
907,Cover Set 125 New,300,125,37500,,
908,Nest rikshaw large,500,10,5000,,
909,,,,84860,,
910,upper cover window,671,36,24156,23-Aug-13,
911,back Cover 70,1050,30,31500,,
912,Housing 70 gare Counter,330,9,2970,,
913,,,,58626,,
914,Upper Cover Window,282,36,10152,24-Aug-13,
915,upper Cover 70 new,472,36,16992,,
916,Back cover 70,610,30,18300,,
917,Back Cover 70 hole,357,30,10710,,
918,,,,56154,,
919,upper Cover unique,634,36,22824,27-Aug-13,
920,Back cover 70,798,30,23940,,
921,Rubber ring inner Large,400,10,4000,,
922,Rubber ring oter large,433,10,4330,,
923,,,,55094,,
924,Upper Cover unique,563,36,20268,28-Aug-13,
925,Upper Cover Window,436,36,15696,,
926,Back Cover 70,735,30,22050,,
927,,,,58014,,
928,Upper Cover unique,354,36,12744,29-Aug-13,
929,Upper Cover Window,367,36,13212,,
930,Back Cover 70,456,30,13680,,
931,,,,39636,,
932,Upper Cover unique,166,36,5976,31-Aug-13,
933,Upper Cover Window,530,36,19080,,
934,Back Cover 70,594,30,17820,,
935,,,,42876,,
936,Upper Cover window,752,36,27072,2-Aug-13,
937,back cover 70,978,30,29340,,
938,,,,56412,,
939,Upper Cover Window,492,36,17712,3-Sep-13,
940,Back cover 70,537,30,16110,,
941,back cover 125,200,20,4000,,
942,,,,37822,,
943,upper cover unique,311,36,11196,4-Sep-13,
944,upper cover Window,400,36,14400,,
945,back cover 70,647,30,19410,,
946,,,,45006,,
947,Upper Cover 70,559,36,20124,5-Sep-13,
948,Upper Cover window,515,36,18540,,
949,Back cover 70,558,30,16740,,
950,back Cover 70 hole,515,30,15450,,
951,,,,70854,,
952,Dial blank Master Speedo,500,8,4000,7-Sep-13,
953,rubber ring inner,700,5,3500,,
954,rubber ring  Outer,500,5,2500,,
955,Upper cover Window,499,36,17964,,
956,back Cover 70,442,30,13260,,
957,,,,41224,,
958,upper cover window,578,36,20808,10-Sep-13,
959,Upper cover window,584,36,21024,13-Sep-13,
960,Back cover 70,348,30,10440,,
961,rubber ring large inner,500,10,5000,,
962,rubber Ring large outer,500,10,5000,,
963,,,,41464,,
964,Upper cover unique,421,36,15156,14-Sep-13,
965,Upper cover window,262,36,9432,,
966,,,,24588,,
967,Upper Cover Unique,282,36,10152,17-Sep-13,
968,Upper Cover window,212,36,7632,,
969,Back cover 70,321,30,9630,,
970,back cover 70 Hole,302,30,9060,,
971,,,,36474,,
972,Upper Cover window,355,36,12780,18-Sep-13,
973,Back cover 70,345,30,10350,,
974,back cover 70 Hole,252,30,7560,,
975,Housing rikshaw large,525,25,13125,,
976,Housing Rikshaw Small,300,17,5100,,
977,Dial Blank Master,500,12,6000,,
978,Nest rikshaw Small,1772,5,8860,,
979,,,,63775,,
980,upper Cover Window,406,36,14616,19-Sep-13,
981,upper Cover Window,234,36,8424,,
982,Upper Cover Unique,251,36,9036,,
983,Back Cover 70,492,30,14760,,
984,Back Cover 70 Hole,168,30,5040,,
985,,,,51876,,
986,Upper Cover Window,705,36,25380,20-Sep-13,
987,Back Cover 70,543,30,16290,,
988,Rubber Ring Inner,315,5,1575,,
989,Rubber ring Outer,680,5,3400,,
990,,,,46645,,
991,Upper Cover Window,691,36,24876,23-Sep-13,
992,Back Cover 70,222,30,6660,,
993,Back Cover 70 Hole,168,30,5040,,
994,Rubber Ring Inner,300,5,1500,,
995,Rubber ring Outer,500,5,2500,,
996,,,,40576,,
997,Upper Cover Window,627,36,22572,24-Sep-13,
998,Upper Cover Unique,426,36,15336,,
999,Back Cover 70,470,30,14100,,
1000,,,,52008,,
1001,Upper Cover Window,427,36,15372,26-Sep-13,
1002,Back Cover 70,995,30,29850,,
1003,Nest Rikshaw large,584,10,5840,,
1004,,,,51062,,
1005,Cover  set 125 New,200,125,25000,27-Sep-13,
1006,Cove set 125,200,125,25000,,
1007,Upper Cover Unique,150,36,5400,,
1008,Upper Cover Window,553,36,19908,,
1009,Back Cover 70,453,30,13590,,
1010,Nest Rikshaw Large,408,10,4080,,
1011,,,,92978,,
1012,Upper Cover Window,658,36,23688,28-Sep-13,
1013,Back Cover 70,550,30,16500,,
1014,,,,40188,,
1015,Upper Cover Window,356,36,12816,30-Sep-13,
1016,Back Cover 70,548,30,16440,,
1017,,,,29256,,
1018,Upper Cover Window,564,36,20304,1-Oct-13,
1019,Cove set 125,200,125,25000,,
1020,,,,45304,,
1021,Upper Cover Window,470,36,16920,3-Oct-13,
1022,Upper Cover Unique,233,36,8388,,
1023,Back Cover 70,846,30,25380,,
1024,,,,50688,,
1025,Upper Cover Unique,417,36,15012,2-Oct-13,
1026,Upper Cover Window,658,36,23688,,
1027,Back Cover 70,630,30,18900,,
1028,,,,57600,,
1029,Upper Cover Window,686,36,24696,4-Oct-13,
1030,Back Cover 70,402,30,12060,,
1031,,,,36756,,
1032,Upper Cover Window,349,36,12564,5-Oct-13,
1033,Back Cover 70,903,30,27090,,
1034,Housing 70 Gare Counter,200,9,1800,,
1035,Housing rikshaw Large,502,25,12550,,
1036,Housing Rikshaw Small,300,17,5100,,
1037,,,,59104,,
1038,Upper Cover Window,504,36,18144,12-Oct-13,
1039,back cover 70 gare Counter,252,30,7560,,
1040,houing 70 gare counter,170,9,1530,,
1041,Houing 70 Black,1076,9,9684,,
1042,Cove set 125,320,125,40000,,
1043,,,,76918,,
1044,Cover  set 125 New,200,125,25000,21-Oct-13,
1045,Cove set 125 Old,200,125,25000,,
1046,Upper Cover Window,545,36,19620,,
1047,Back Cover 70,102,30,3060,,
1048,Rubber ring inner Large,600,10,6000,,
1049,Rubber ring Outer large,545,10,5450,,
1050,Nest Large,298,10,2980,,
1051,Rubber Ring Inne small,665,5,3325,,
1052,Rubber Ring outer small,925,5,4625,,
1053,,,,95060,,
1054,Upper cover zxmco,298,36,10728,22-Oct-13,
1055,Upper Cover Window,198,36,7128,,
1056,Back Cover 70,682,30,20460,,
1057,Dial Blank Master,500,8,4000,,
1058,,,,42316,,
1059,Upper Cover Window,835,36,30060,23-Oct-13,
1060,Back Cover 70,838,30,25140,,
1061,,,,55200,,
1062,Upper Cover 70 New,458,36,16488,24-Oct-13,
1063,Upper Cover Window,282,36,10152,,
1064,Back Cover 70,786,30,23580,,
1065,,,,50220,,
1066,Upper Cover Window,611,36,21996,26-Oct-13,
1067,Back Cover 70,1067,30,32010,,
1068,,,,54006,,
1069,Cover  set 125,250,125,31250,28-Oct-13,
1070,Upper Cover Window,365,36,13140,,
1071,Back Cover 70,492,30,14760,,
1072,Housing rikshaw large,500,25,12500,,
1073,,,,71650,,
1074,Upper Cover Window,730,36,26280,29-Oct-13,
1075,Back Cover 70,657,30,19710,,
1076,,,,45990,,
1077,Upper Cover Window,728,36,26208,30-Oct-13,
1078,Back Cover 70,222,30,6660,,
1079,Housing Rikshaw small,400,17,6800,,
1080,Housing rikshaw medium,500,17,8500,,
1081,,,,48168,,
1082,Upper Cover Zxmco,553,36,19908,31-Oct-13,
1083,Upper Cover Window,188,36,6768,,
1084,Back Cover 70 Hole,1132,30,33960,,
1085,,,,60636,,
1086,Upper Cover Window,754,36,27144,1-Nov-13,
1087,Back Cover 70,956,30,28680,,
1088,Housing 70 Black,621,9,5589,,
1089,,,,61413,,
1090,Upper Cover Window,642,36,23112,2-Nov-13,
1091,Upper Cover Zxmco,188,36,6768,,
1092,Upper Cover Unique,510,36,18360,,
1093,Back Cover 70,657,30,19710,,
1094,Back Cover 70 Hole,570,30,17100,,
1095,,,,85050,,
1096,Upper Cover Window,782,36,28152,6-Nov-13,
1097,Upper Cover Unique,340,36,12240,,
1098,Back Cover 70,408,30,12240,,
1099,,,,52632,,
1100,Upper Cover Window,376,36,13536,7-Nov-13,
1101,Upper Cover Window,296,36,10656,,
1102,Back Cover 70,567,30,17010,,
1103,Back Cover 70 Hole,333,30,9990,,
1104,Rubber Ring Large,512,10,5120,,
1105,,,,56312,,
1106,Upper Cover Unique,694,36,24984,9-Nov-13,
1107,Back Cover 70,627,30,18810,,
1108,,,,43794,,
1109,Upper Cover Window,587,36,21132,11-Nov-13,
1110,Back Cover 70,578,30,17340,,
1111,Upper Cover Unique,470,36,16920,,
1112,Rubber Ring rikshaw small inner,500,5,2500,,
1113,Rubber Ring rikshaw small outer,400,5,2000,,
1114,,,,59892,,
1115,Upper Cover Window,439,36,15804,12-Nov-13,
1116,Upper Cover Zxmco,260,36,9360,,
1117,Upper Cover 70 New,347,36,12492,,
1118,Back Cover 70 Hole,1107,30,33210,,
1119,,,,70866,,
1120,Upper Cover Window,726,36,26136,13-Nov-13,
1121,Back Cover 70,658,30,19740,,
1122,Back Cover 70 Hole,501,30,15030,,
1123,,,,60906,,
1124,Upper Cover Window,504,36,18144,16-Nov-13,
1125,Upper Cover Unique,542,36,19512,,
1126,Back Cover 70,1011,30,30330,,
1127,,,,67986,,
1128,Upper Cover Window,531,36,19116,18-Nov-13,
1129,Upper Cover Unique,496,36,17856,,
1130,Back Cover 70,792,30,23760,,
1131,,,,60732,,
1132,Upper Cover Window,744,36,26784,19-Nov-13,
1133,Back Cover 70,139,30,4170,,
1134,Houing 70 Black,325,9,2925,,
1135,,,,33879,,
1136,Upper Cover Window,788,36,28368,20-Nov-13,
1137,Back Cover 70,970,30,29100,,
1138,housing Rikshaw Small,500,17,8500,,
1139,Houing rikshaw Medium,500,17,8500,,
1140,Housing Rikshaw Large,200,25,5000,,
1141,,,,79468,,
1142,Upper Cover Window,421,36,15156,21-Nov-13,
1143,Back Cover 70,903,30,27090,,
1144,Housing Rikshaw Large,500,25,12500,,
1145,housing rikshaw large new,140,35,4900,,
1146,,,,59646,,
1147,upper Cover zxmco,606,36,21816,22-Nov-13,
1148,Upper Cover Unique,409,36,14724,,
1149,Back Cover 70,924,30,27720,,
1150,,,,64260,,
1151,Upper Cover Window,700,36,25200,26-Nov-13,
1152,Back Cover 70,702,30,21060,,
1153,,,,46260,,
1154,upper cover Zxmco,725,36,26100,27-Nov-13,
1155,Back Cover 70 Gare Counter,246,30,7380,,
1156,Housing 70 gare Counter,240,9,2160,,
1157,Rubber Ring Inner Small,460,5,2300,,
1158,Rubber ring  Outer small,845,5,4225,,
1159,,,,42165,,
1160,Upper Cover Window,385,36,13860,2-Dec-13,
1161,Upper Cover Window,417,36,15012,,
1162,Upper Cover 70 New,519,36,18684,,
1163,Back Cover 70,456,30,13680,,
1164,,,,61236,,
1165,Upper Cover Window,619,36,22284,3-Dec-13,
1166,Back Cover 70,1042,30,31260,,
1167,,,,53544,,
1168,Upper Cover Window,515,36,18540,6-Dec-13,
1169,Back Cover 70,483,30,14490,,
1170,Houing 70 Black,1003,9,9027,,
1171,Dial Blank 70,1000,9,9000,,
1172,Dial  Blank ravi,1000,12,12000,,
1173,,,,63057,,
1174,Upper Cover Window,1004,36,36144,7-Dec-13,
1175,Back Cover 70,657,30,19710,,
1176,Houing 70 Black,1170,9,10530,,
1177,,,,66384,,
1178,Upper Cover Window,918,36,33048,9-Dec-13,
1179,Back Cover 70,603,30,18090,,
1180,,,,51138,,
1181,Upper Cover Unique,826,36,29736,10-Dec-13,
1182,Back Cover 70 Hole,1057,30,31710,,
1183,,,,61446,,
1184,Upper Cover Window,412,36,14832,12-Dec-13,
1185,Back Cover 70,1554,30,46620,,
1186,Back Cover 70 Hole,315,30,9450,,
1187,,,,70902,,
1188,Cover  set 125,500,125,62500,16-Dec-13,
1189,Dial Blank 125,1000,8,8000,19-Dec-13,
1190,Cove set 125,100,125,12500,,
1191,,,,20500,,
1192,Dial  Blank ravi,1000,12,12000,24-Dec-13,
1193,Upper Cover 70 New,542,36,19512,,
1194,Back Cover 70,1152,30,34560,,
1195,,,,66072,,
1196,Upper Cover Window,836,36,30096,28-Dec-13,
1197,Cover  set 125,200,125,25000,,
1198,,,,55096,,
1199,Dial Blank ravi,1000,12,12000,1-Jan-14,
1200,Upper Cover Unique,1015,36,36540,,
1201,Back Cover 70,1076,30,32280,,
1202,,,,80820,,
1203,Cove set 125,500,125,62500,4-Jan-14,
1204,Upper Cover Window,531,36,19116,4-Jan-14,
1205,Back Cover 70,1002,30,30060,,
1206,,,,49176,,
1207,Upper Cover Window,578,36,20808,6-Jan-14,
1208,Upper Cover Unique,492,36,17712,,
1209,Back Cover 70,1010,30,30300,,
1210,,,,68820,,
1211,Upper Cover Window,554,36,19944,7-Jan-14,
1212,Upper Cover Unique,287,36,10332,,
1213,Upper Cover 70 New,244,36,8784,,
1214,Back Cover 70 Hole,424,30,12720,,
1215,Back Cover 70,576,30,17280,,
1216,,,,69060,,
1217,Upper Cover Window,513,36,18468,10-Jan-14,
1218,Upper Cover 70 New,233,36,8388,,
1219,Back Cover 70,510,30,15300,,
1220,Back Cover 70 gare Counter,222,30,6660,,
1221,,,,48816,,
1222,Cove set 125 New,500,125,62500,21-Jan-14,
1223,Cove set 125 Old,500,125,62500,,
1224,,,,125000,,
1225,Upper Cover Window,582,36,20952,29-Jan-14,
1226,Upper Cover 70,519,36,18684,,
1227,Back Cover 70 gare Counter,512,30,15360,,
1228,,,,54996,,
1229,Dial Blank 70,500,9,4500,31-Jan-14,
1230,Rubber Ring Inne small,290,5,1450,,
1231,Upper Cover Window,520,36,18720,,
1232,Back Cover 70 Hole,512,30,15360,,
1233,Housing rIkshaw Small,700,17,11900,,
1234,Housing rikshaw medium,700,17,11900,,
1235,Rubber Ring  inner,775,5,3875,,
1236,Rubber Ring  Outer,775,5,3875,,
1237,Cove set 125,200,125,25000,,
1238,,,,96580,,
1239,Upper Cover Window,600,36,21600,3-Feb-14,
1240,Back Cover 70,543,30,16290,,
1241,Cove set 125,500,125,62500,,
1242,,,,100390,,
1243,Dial Blank Master,500,8,4000,6-Feb-14,
1244,Rubber Ring Large,300,10,3000,,
1245,Nest large Rikshaw,180,10,1800,,
1246,Upper Cover Window,686,36,24696,,
1247,Back Cover 70 Hole,656,30,19680,,
1248,Cover  set 125,250,125,31250,,
1249,,,,84426,,
1250,Upper Cover 70 New,500,36,18000,10-Feb-14,
1251,Upper Cover Window,633,36,22788,,
1252,Back Cover 70,674,30,20220,,
1253,Nest Large rikshaw,400,10,4000,,
1254,Nest Rikshaw Small,300,5,1500,,
1255,Rubber Ring Large,1000,10,10000,,
1256,Rubber Ring  inner,550,5,2750,,
1257,Rubber Ring  Outer,900,5,4500,,
1258,,,,83758,,
1259,Dial  Blank ravi,1000,12,12000,15-Feb-14,
1260,Dial  Blank rikshaw,500,8,4000,,
1261,Dial  Blank 70,102,30,3060,,
1262,Nest rikshaw small,620,5,3100,,
1263,Rubber Ring Inner Small,300,5,1500,,
1264,,,,23660,,
1265,Upper Cover Window,1072,36,38592,18-Feb-14,
1266,Back Cover 70,1101,30,33030,,
1267,Dial Blank 70,500,9,4500,,
1268,Nest large rikshaw,500,10,5000,,
1269,,,,81122,,
1270,Dial Blank ravi,300,12,3600,21-Feb-14,
1271,Housing rikshaw Small,500,17,8500,,
1272,housing rikshaw Medium,500,17,8500,,
1273,Rubber ring  Outer large,655,10,6550,,
1274,Upper Cover Window,1200,36,43200,,
1275,Back Cover 70,1302,30,39060,,
1276,,,,109410,,
1277,Upper Cover Window,634,36,22824,22-Feb-14,
1278,Back Cover 70,1056,30,31680,,
1279,Houing 70 Black,133,9,1197,,
1280,,,,55701,,
1281,Back Cover 70,1151,30,34530,24-Feb-14,
1282,Upper Cover Window,158,36,5688,,
1283,,,,40218,,
1284,Upper Cover Window,699,36,25164,24-Feb-14,
1285,Back Cover 70,564,30,16920,,
1286,,,,42084,,
1287,Upper Cover Window,1002,36,36072,25-Feb-14,
1288,Back Cover 70,729,30,21870,,
1289,,,,57942,,
1290,dial blank ravi,300,12,3600,26-Feb-14,
1291,Upper Cover Window,885,36,31860,,
1292,Back Cover 70,821,30,24630,,
1293,,,,60090,,
1294,Upper Cover Window,1054,36,37944,26-Feb-14,
1295,Back Cover 70,1020,30,30600,,
1296,,,,68544,,
1297,Nest rikshaw large,470,10,4700,8-Mar-14,
1298,Rubber Ring Inner,500,10,5000,,
1299,Dial blank ravi,120,12,1440,,
1300,Upper Cover 70 New,1026,36,36936,,
1301,Upper Cover Unique,338,36,12168,,
1302,Back Cover 70,630,30,18900,,
1303,,,,79144,,
1304,Upper Cover 70 New,626,36,22536,9-Mar-14,
1305,Back Cover 70,920,30,27600,,
1306,,,,50136,,
1307,Houing 70 ,1355,9,12195,11-Mar-14,
1308,Upper Cover 70 New,609,36,21924,15-Mar-14,
1309,Back Cover 70,869,30,26070,,
1310,housing rikshaw digital,615,35,21525,,
1311,Rubber Ring Inner Small,425,5,2125,,
1312,Rubber Ring outer small,700,5,3500,,
1313,,,,75144,,
1314,Housing Rikshaw medium,280,17,4760,18-Mar-14,
1315,housing rikshaw Small,450,17,7650,,
1316,Rubber ring inner Large,500,10,5000,,
1317,Rubber ring Outer large,500,10,5000,,
1318,Rubber Ring Inner Small,550,5,2750,,
1319,Rubber Ring outer small,300,5,1500,,
1320,,,,26660,,
1321,Cover Set 125 New,60,125,7500,20-Mar-14,
1322,Upper Cover Window,996,36,35856,,
1323,Back Cover 70,1006,30,30180,,
1324,,,,73536,,
1325,Upper Cover 70 New,1079,36,38844,26-Mar-14,
1326,Back Cover 70,1044,30,31320,,
1327,housing Rikshaw Digital,625,35,21875,,
1328,Nest Rikshaw Large,800,10,8000,,
1329,Nest rikshaw Small,300,5,1500,,
1330,,,,101539,,
1331,Cove set 125 New,612,125,76500,31-Mar-14,
1332,Cove set 125 Old,100,125,12500,,
1333,,,,89000,,
1334,Upper Cover Window,824,36,29664,28-Mar-14,
1335,Back Cover 70,851,30,25530,,
1336,Cover  set 125,350,125,43750,,
1337,Nest rikshaw small,224,5,1120,,
1338,Rubber Ring Inner,520,5,2600,,
1339,Rubber Ring  Outer,535,5,2675,,
1340,Dial Blank Master,200,8,1600,,
1341,Dial blank ravi,360,12,4320,,
1342,,,,111259,,
1343,Cover  set 125,600,125,75000,1-Apr-14,
1344,,,,75000,,
1345,Upper Cover 70,810,36,29160,3-april-20104,
1346,Back Cover 70,858,30,25740,,
1347,Housing Large riskshah,224,25,5600,,
1348,Housing large riskshah,966,25,24150,,
1349,Housing small Rikshaw,520,17,8840,,
1350,Housing medium Riskshah,530,17,9010,,
1351,,,,102500,,
1352,Upper Cover 70 New,773,36,27828,3-Apr-14,
1353,Back Cover 70,746,30,22380,,
1354,,,,50208,,
1355,Upper cover New Model 70,933,36,33588,4-Apr-14,
1356,Back Cover 70,646,30,19380,,
1357,Rubber Ring Riskshah small,480,5,2400,,
1358,Rubber Ring Rikshaw Small,300,5,1500,,
1359,,,,56868,,
1360,Dial Blank Master Riskshah 26-3-14,300,8,2400,8-Apr-14,
1361,Dial Blank Ravi,300,12,3600,,
1362,Upper Cover 70,1107,36,39852,,
1363,Back Cover 70,1171,30,35130,,
1364,Rubber Ring Inner Large Riskshah,500,10,5000,,
1365,Rubber Ring  Outer Large Riskshah,180,10,1800,,
1366,Nest Small Riskshah,665,5,3325,,
1367,,,,91107,,
1368,Upper Cover  70 New,752,36,27072,4/10/2014,
1369,Back  Cover 70,708,30,21240,,
1370,Nest Riskshah Small,470,10,4700,,
1371,Rubber ring  Inner small,960,10,9600,,
1372,Rubber Ring Outer small ,1000,10,10000,,
1373,,,,60462,,
1374,Upper Cover 70 New,848,36,30528,4/14/2014,
1375,Back  Cover 70,852,30,25560,,
1376,,,,56088,,
1377,Upper Cover  70,640,36,23040,4/15/2014,
1378,Upper Cover Window,616,36,22176,,
1379,Back  Cover 70,1223,30,36690,,
1380,,,,81906,,
1381,Upper Cover Window,1001,36,36036,4/16/2014,
1382,Back  Cover 70,1014,30,30420,,
1383,,,,66456,,
1384,Upper Cover  70,636,36,22896,17-4-2014,
1385,Back  Cover 70,682,30,20460,,
1386,,,,43356,,
1387,Upper cover new model 70,1082,36,38952,19-4-2014,
1388,Back  Cover 70,1125,30,33750,,
1389,,,,72702,,
1390,Upper cover new model,200,36,7200,22-4-2014,
1391,Back cover gear counter,200,30,6000,,
1392,Housing 70 gear counter ,200,9,1800,,
1393,Upper cover new model 70,1054,36,37944,,
1394,Back  Cover 70,1059,30,31770,,
1395,,,,84714,,
1396,Dial Blank Ravi 100 CC,500,12,6000,24-4-2014,
1397,Dial Blank Ravi 100 CC,350,12,4200,,
1398,,,,10200,,
1399,Upper  cover unique,500,36,18000,27-4-2014,
1400,Upper Cover Window,1064,36,38304,,
1401,Back Cover 70,723,30,21690,,
1402,,,,77994,,
1403,Upper Cover Window,1504,36,54144,28-4-2014,
1404,Back  Cover 70,158,30,4740,,
1405,Rubber Ring large Rickshaw,500,10,5000,,
1406,Rubber Ring  Inner lARGE Riskshah,505,10,5050,,
1407,Nest Large,373,10,3730,,
1408,RUBBER RING SMALL INNER OUTTER,2000,5,10000,,
1409,,,,82664,,
1410,Back  Cover 70,542,30,16260,29-4-2014,
1411,Upper Cover 70 ,50,36,1800,,
1412,Back cover gear counter,50,30,1500,,
1413,Housing 70 gear counter,50,9,450,,
1414,,,,20010,,
1415,upper Cover Window    ,414,36,14904,30-4-2014,
1416,Back  Cover 70,1509,30,45270,,
1417,,,,60174,,
1418,Upper Cover Window,891,36,32076,2/5/2014,
1419,Back  Cover 70,1015,30,30450,,
1420,Upper Cover 70 New,508,36,18288,,
1421,Back cover gear counter,500,30,15000,,
1422,Housing gear counter 70,500,9,4500,,
1423,Dial Blank Ravi,1000,12,12000,,
1424,Dial Blank 125,50,8,400,,
1425,,,,112714,,
1426,Upper cover new model125,300,36,10800,5/3/2014,
1427,Upper Cover Window,546,36,19656,,
1428,Upper coverwindow,470,36,16920,,
1429,Back  Cover 70,1516,30,45480,,
1430,,,,92856,,
1431,upper Cover Window    ,452,36,16272,5/5/2014,
1432,Uppercover window,1024,36,36864,5/6/2014,
1433,Back  Cover 70,1095,30,32850,,
1434,Upper Cover Window,761,36,27396,,
1435,Upper cover new model 70,1005,36,36180,,
1436,Back  Cover 70,340,30,10200,,
1437,,,,143490,,
1438,uppercover window,345,36,12420,5/7/2014,
1439,Back  Cover 70,761,30,22830,,
1440,,,,35250,,
1441,Dial Blank 125,50,8,400,5/8/2014,
1442,Upper Cover Window,601,36,21636,,
1443,Back  Cover 70,649,30,19470,,
1444,Upper cover new 70,464,36,16704,,
1445,Back cover gear counter,528,30,15840,,
1446,Housing gear counter 70,500,9,4500,,
1447,,,,78850,,
1448,Upper Cover Window,505,36,18180,5/9/2014,
1449,Upper Cover Window Unique,388,36,13968,,
1450,Back  Cover 70,673,30,20190,,
1451,,,,52338,,
1452,Upper Cover Window,510,36,18360,5/10/2014,
1453,Back  Cover 70,1060,30,31800,,
1454,Upper cover new model,164,36,5904,,
1455,Back  Cover 70,466,30,13980,,
1456,,,,70044,,
1457,Upper cover new model,512,36,18432,5/11/2014,
1458,Upper Cover Window,502,36,18072,,
1459,Back cover window,1453,30,43590,,
1460,,,,80094,,
1461,Upper Cover Window,524,36,18864,5/12/2014,
1462,Upper cover new 70,536,36,19296,,
1463,Back  Cover 70,777,30,23310,,
1464,,,,61470,,
1465,Upper Cover 70 ,1023,36,36828,5/14/2014,
1466,Back  Cover 70,1008,30,30240,,
1467,Dial Blank 125,1000,8,8000,,
1468,,,,75068,,
1469,Dial blankmaster,500,8,4000,5/15/2014,
1470,Dial blank Ravi,329,12,3948,,
1471,,,,7948,,
1472,Cover Set 125new,100,125,12500,5/21/2014,
1473,Cover Set 125 Old,100,125,12500,,
1474,Housing Riskshah Large,1010,35,35350,,
1475,Housing riskshah medium,156,17,2652,,
1476,Housing riskshah small,136,17,2312,,
1477,Dial Blank 70 Ring,700,9,6300,,
1478,Dial Ring,700,7,4900,,
1479,,,,76514,,
1480,Nest Rickshah Large,223,10,2230,22-5-2014,
1481,Nest Rickshah Small,170,5,850,,
1482,Rubber Ring Rickshah Large Outer,300,10,3000,,
1483,Rubber Ring Rickshah Inner large,150,10,1500,,
1484,Rubber Ring Rickshah small inner,1000,5,5000,,
1485,Rubber Ring rickshah small outer,350,5,1750,,
1486,,,,14330,,
1487,Upper Cover 70 ,603,36,21708,23-05-2014,
1488,Back Cover 70,612,30,18360,,
1489,Nest small Riskshah,500,5,2500,,
1490,Rubber ring small upper,425,5,2125,,
1491,Rubber Ring large Rickshaw,570,10,5700,,
1492,,,,50393,,
1493,Cover Set 125 New,50,125,6250,24-05-2014,
1494,Nest Rickshah Large,195,10,1950,,
1495,,,,8200,,
1496,,,,,,
1497,Dial Blank Master,500,8,4000,27-05-2014,
1498,Upper cover new model 70,519,36,18684,,
1499,Back  Cover 70,519,30,15570,,
1500,Rubber ring outer large Riskshah,700,10,7000,,
1501,Nest large Rikkshaw,640,10,6400,,
1502,Dial  blank master RPM,500,8,4000,,
1503,Dial blank 125 RPM,500,8,4000,,
1504,,,,59654,,
1505,Upper cover new model 70,564,36,20304,28-05-2014,
1506,Back  Cover 70,696,30,20880,,
1507,Dial Blank Ravi,2000,12,24000,,
1508,,,,65184,,
1509,Upper cover new model 70,596,36,21456,29-05-2014,
1510,Back  Cover 70,638,30,19140,,
1511,nest small  riksha,470,5,2350,,
1512,Reberr ring Large oter ,277,10,2770,,
1513,,,,45716,,
1514,Upper cover WINDOw,988,36,35568,29-05-2014,
1515,Back  Cover 70,961,30,28830,,
1516,,,,64398,,
1517,Upper  cover    new 70  Model,846,36,30456,30-05-2014,
1518,Back  Cover 70,871,30,26130,,
1519,,,,56586,,
1520,Upper cover new model 70,658,36,23688,31-05-2014,
1521,Back  Cover 70,366,30,10980,,
1522,Dial Blank 125 speedo,120,8,960,,
1523,,,,35628,,
1524,upper  cover   1. 2. 5,100,65,6500,5/6/2014,
1525,upper  cover   window,638,36,22968,5/6/2014,
1526,Back  Cover 70,657,30,19710,,
1527,housing rikshaw Large,1010,25,25250,,
1528,housing rikshaw Large black,770,35,26950,,
1529,housing rikshaw midim,639,17,10863,,
1530,housing rikshaw small,658,17,11186,,
1531,,,,116927,,
1532,Upper  cover    new 70  Model,520,36,18720,7/6/2014,
1533,upper  cover    window,531,36,19116,,
1534,Back  Cover 70,1038,30,31140,,
1535,Housing rikshaw midim,220,17,3740,,
1536,Housing rikshaw small,300,17,5100,,
1537,,,,77816,,
1538,upper  cover    window,647,36,23292,11/6/2014,
1539,Back  Cover 70,688,30,20640,,
1540,rUBBER RING SMALL INNER ,850,5,4250,,
1541,rUBBER RING SMALL OUTTER,575,5,2875,,
1542,rUBBER RING large inner,480,10,4800,,
1543,rUBBER RING large  OUTTER,485,10,4850,,
1544,Nest Large,400,10,4000,,
1545,Nest small Riskshah,370,5,1850,,
1546,dial  blank 125,250,8,2000,,
1547,,,,68557,,
1548,upper  cover   window,605,36,21780,13-06-2014,
1549,Back  Cover 70,662,30,19860,,
1550,Dial  blank RAVI,850,12,10200,,
1551,,,,51840,,
1552,Upper  cover    new 70  Model,542,36,19512,16-6-2014,
1553,upper  cover    window,612,36,22032,,
1554,Back  Cover 70,1187,30,35610,,
1555,,,,77154,,
1556,Back  Cover 70,237,30,7110,23-6-2014,
1557,Back  Cover 70,222,30,6660,,
1558,,,,13770,,
1559,upper  cover    unique,376,36,13536,24-6-2014,
1560,Back  Cover 70,336,30,10080,,
1561,,,,23616,,
1562,dial  blank 125,1000,8,8000,25-6-2014,
1563,Upper  cover    new 70  Model,647,36,23292,26-6-14,
1564,Back  Cover 70,654,30,19620,,
1565,,,,42912,,
1566,dial  blank master spido,500,8,4000,28-6-2014,
1567,Dial  blank RAVI,520,12,6240,2/7/2014,
1568,Upper  cover    new 70  Model,533,36,19188,3/7/2014,
1569,Back  Cover 70 Gare counter,508,30,15240,,
1570,,,,34428,,
1571,Cover Set 125,200,125,25000,7/7/2014,
1572,dial  blank 125,1000,8,8000,9/7/2014,
1573,upper  cover  125,60,65,3900,10/8/2014,
1574,Dial  blank RAVI,1000,12,12000,,
1575,dial  blank 125,1000,8,8000,,
1576,,,,23900,,
1577,upper  cover   125,100,65,6500,23-8-2014,
1578,dial  Blank ravi,550,12,6600,25-8-2014,
1579,dial  blank 125,2000,8,16000,29-8-2014,
1580,housing qinque,50,60,3000,,
1581,,,,19000,,
1582,Upper  cover    new 70  Model,500,36,18000,9/9/2014,
1583,Nest Large Rikkshaw,800,10,8000,,
1584,,,,26000,,
1585,Dial  blank RAVI,375,12,4500,9/9/2014,
1586,RUBBER RING SMALL INNER,1000,5,5000,,
1587,rUBBER RING SMALL outer,1000,5,5000,,
1588,,,,14500,,
1589,Cover Set 125 New model,200,125,25000,19-9-2014,
1590,Housing Rikshaw Small,270,17,4590,,
1591,Housing Rikshaw Medium,320,17,5440,,
1592,,,,35030,,
1593,upper  cover  125 new model,60,65,3900,20-9-2014,
1594,dial  blank 125,1000,8,8000,,
1595,,,,11900,,
1596,Dial  Blank 70,1000,8,8000,24-9-2014,
1597,Dial  Blank 70,1000,8,8000,27-9-2014,
1598,cover Set 125 Newmodel,200,125,25000,1/10/2014,
1599,Housing Rikshaw Medium,180,17,3060,2/10/2014,
1600,Housing small Rikshaw,440,17,7480,11/10/2014,
1601,Nest Small Riskshah,1000,5,5000,,
1602,,,,12480,,
1603,Housing medium Rikshaw,500,17,8500,18-10-2014,
1604,Housing small Rikshaw,500,17,8500,,
1605,,,,17000,,
1606,Dial  Blank 70,2000,8,16000,25-10-2014,
1607,RUBBER RING SMALL INNER,1000,5,5000,,
1608,,,,21000,,
1609,Dial  blank RAVI,150,12,1800,29-10-2014,
1610,rUBBER RING large inner rekshaw,1000,10,10000,,
1611,,,,11800,,
1612,upper  cover    new 125  Model,180,65,11700,1/11/2014,
1613,Dial  blank master spido,300,8,2400,,
1614,dial  blank master spido,200,8,1600,,
1615,dial  blank master spido,500,8,4000,,
1616,,,,19700,,
1617,upper  cover    new 125 Model,100,65,6500,7/11/2014,
1618,upper  cover    new 125  Model,500,65,32500,,
1619,back  Cover 125,500,20,10000,,
1620,,,,49000,,
1621,upper  cover    new  Model,518,36,18648,14-11-2014,
1622,back  Cover 70 Gare counter,537,30,16110,,
1623,Housing gear counter ,517,9,4653,,
1624,,,,39411,,
1625,Upper  cover    new 70  Model,200,36,7200,26-11-2014,
1626,Back  Cover 70 Gare counter,200,30,6000,,
1627,housing 70 gare counter,160,9,1440,,
1628,,,,14640,,
1629,dial  Blank ravi,520,12,6240,27-11-2014,
1630,Dial  blank RAVI,1330,12,15960,3/12/2014,
1631,dial  blank qinque,500,12,6000,,
1632,,,,21960,,
1633,Cover Set 125 New model,200,125,25000,11/12/2014,
1634,upper  cover   qinque jick,76,65,4940,,
1635,,,,29940,,
1636,dial  blank 125,1000,8,8000,18-12-2014,
1637,upper  cover   ravi,20,75,1500,,
1638,back  Cover ravi,20,40,800,,
1639,housing ravi,20,15,300,,
1640,upper  cover  125 new model,200,65,13000,,
1641,back  Cover 125,200,20,4000,,
1642,,,,27600,,
1643,cove set 125 New  model,300,125,37500,29-12-2014,
1644,upper  cover    qiinque  window,500,0,0,2/1/2015,
1645,housing qinque,500,0,0,,
1646,nest qinque,500,0,0,,
1647,back  cover   qinque,500,125,62500,,
1648,houing sohrab js,60,35,2100,2/1/2015,
1649,rUBBER RING SMALL outNER,500,5,2500,5/1/2015,
1650,cove set 125  new model,300,125,37500,6/1/2015,
1651,upper  cover   window,20,36,720,12/1/2015,
1652,Back  Cover 70,20,30,600,,
1653,houing 70 ,10,10,100,,
1654,,,,1420,,
1655,upper  cover   window,100,36,3600,13-1-2015,
1656,Back  Cover 70,100,30,3000,,
1657,houing 70 ,100,10,1000,,
1658,,,,7600,,
1659,upper  cover window,681,38,25878,13-1-2015,
1660,Back  Cover 70,619,32,19808,,
1661,,,,45686,,
1662,upper  cover window,334,38,12692,14-1-2015,
1663,Back  Cover 70,315,32,10080,,
1664,,,,22772,,
1665,upper  cover window,264,38,10032,15-1-2015,
1666,Back  Cover 70,324,32,10368,,
1667,,,,20400,,
1668,upper  cover window,459,38,17442,15-1-2015,
1669,Back  Cover 70,766,32,24512,,
1670,,,,41954,,
1671,cove set 125  new model,100,125,12500,16-1-2015,
1672,upper  cover  window,439,38,16682,16-1-2015,
1673,Back  Cover 70,299,32,9568,,
1674,,,,26250,,
1675,upper  cover  window,531,38,20178,17-1-2015,
1676,Back  Cover 70,408,32,13056,,
1677,,,,33234,,
1678,upper  cover  window,341,38,12958,19-1-2015,
1679,Back  Cover 70,331,32,10592,,
1680,,,,23550,,
1681,cove set 125 New  model,300,125,37500,17-1-2015,
1682,upper  cover  window,457,38,17366,19-1-2015,
1683,Back  Cover 70,315,32,10080,,
1684,,,,27446,,
1685,upper  cover  window,425,38,16150,20-1-2015,
1686,Back  Cover 70,204,32,6528,,
1687,dial  blank 125,1000,8,8000,,
1688,,,,30678,,
1689,housing sohrab js ,220,35,7700,22-1-2015,
1690,Dial  blank master RPM,230,8,1840,,
1691,Dial  blank RAVI,500,12,6000,,
1692,,,,15540,,
1693,Cover Set 125 New model,300,125,37500,26-1-2015,
1694,Dial  blank RAVI,500,12,6000,,
1695,,,,43500,,
1696,cove set 125 New  model,300,125,37500,2/2/2015,
1697,Cove set ravi,260,125,32500,3/2/2015,
1698,housing rikshaw Large,500,25,12500,5/2/2015,
1699,housing rikshaw medium,490,17,8330,,
1700,Dial  blank RAVI,500,12,6000,,
1701,,,,26830,,
1702,upper  cover shurab js window,297,55,16335,6/2/2015,
1703,nest red,300,20,6000,,
1704,back  Cover shurab js ,300,20,6000,,
1705,rUBBER RING SMALL oUTTER,850,5,4250,,
1706,rUBBER RING large inner,500,10,5000,,
1707,rUBBER RING large outter,525,10,5250,,
1708,,,,42835,,
1709,Upper  cover    new 70  Model,300,38,11400,9/2/2015,
1710,back  Cover 70 Gare counter,300,32,9600,,
1711,housing 70 gare counter,300,9,2700,,
1712,Dial  blank master spido,500,8,4000,,
1713,,,,27700,,
1714,Cover Set 125 New model,300,125,37500,11/2/2015,
1715,Houing Sohrab js,390,35,13650,17-2-2015,
1716,Dial  Blank SOHRAB JS,500,12,6000,,
1717,,,,19650,,
1718,dial  blank qinque,500,12,6000,19-2-2015,
1719,upper  cover  sohrab jick,506,45,22770,,
1720,back  Cover sohrab js ,500,25,12500,,
1721,housing sohrab js ,110,35,3850,,
1722,nest sohrab js,500,20,10000,,
1723,,,,55120,,
1724,Cover Set 125 New model,250,125,31250,20-2-2015,
1725,housing qinque,434,35,15190,,
1726,Dial  blank RAVI,520,12,6240,,
1727,,,,52680,,
1728,Cover Set 125 New model,300,125,37500,28-2-2015,
1729,housing rikshaw small,120,17,2040,,
1730,,,,39540,,
1731,dial  Blank master ,500,8,4000,26-2-2015,
1732,housing small Rikshaw,250,17,4250,9/3/2015,
1733,nest small Riskshah,500,5,2500,,
1734,nest Large Rikkshaw,500,10,5000,,
1735,rUBBER RING large INNER,476,10,4760,,
1736,,,,16510,,
1737,Upper  cover    new 70  Model,506,38,19228,10/3/2015,
1738,rUBBER RING SMALL INNER,500,5,2500,,
1739,,,,21728,,
1740,Cover Set 125,300,125,37500,18-3-2015,
1741,back  Cover gair counter,237,32,7584,,
1742,Housing gair counter ,420,9,3780,,
1743,Upper  cover    new 70  Model,174,38,6612,,
1744,upper  cover  leader,50,50,2500,,
1745,,,,57976,,
1746,dial  Blank qinque,500,12,6000,19-3-2015,
1747,housing rikshaw Large,925,25,23125,26-3-2015,
1748,housing rikshaw medium,1050,17,17850,,
1749,housing rikshaw small,1050,17,17850,,
1750,rUBBER RING SMALL INNER,500,5,2500,,
1751,dial  Blank sOHRAB JS,500,12,6000,,
1752,dial  Blank ravi,500,12,6000,,
1753,dial  Blank sOHRAB JS,500,12,6000,,
1754,,,,79325,,
1755,dial  blank 125 ,200,8,1600,28-3-2015,
1756,dial  blank  125 RPM ,200,8,1600,,
1757,Upper  cover shurab js jick,77,45,3465,,
1758,,,,6665,,
1759,dial  blank 125,400,8,3200,27-3-2015,
1760,upper  cover shurab js jick,240,45,10800,4/3/2015,
1761,housing qinque,500,35,17500,,
1762,back  Cover qinque,500,25,12500,,
1763,nest qinque,500,20,10000,,
1764,,,,50800,,
1765,dial  Blank sOHRAB JS,500,12,6000,16-4-2015,
1766,upper  cover shurab js jick,322,45,14490,20-4-2015,
1767,back  Cover shurab js ,500,20,10000,,
1768,housing qinque,192,35,6720,,
1769,nest qinque,330,20,6600,,
1770,,,,37810,,
1771,dial  Blank ravi,1000,12,12000,24-4-2015,
1772,nest Large Rikkshaw,450,10,4500,,
1773,,,,16500,,
1774,rUBBER RING SMALL oUTTER,350,5,1750,25-4-2015,
1775,nest small Riskshah,500,5,2500,29-4-2015,
1776,rUBBER RING SMALL INNER,450,5,2250,,
1777,,,,4750,,
1778,Cove set new model 125,300,125,37500,8/5/2015,
1779,housing rikshaw large,1010,25,25250,11/5/2015,
1780,housing small Rikshaw,500,17,8500,12/5/2015,
1781,housing medium Rikshaw,250,17,4250,,
1782,Dial Blank Master,1000,8,8000,,
1783,rUBBER RING sMALL oUTTER,500,5,2500,,
1784,rUBBER RING SMALL INNER,500,5,2500,,
1785,,,,25750,,
1786,cove set ravi 100 cc,280,125,35000,13-5-2015,
1787,Cove set ravi 100 cc,225,125,28125,13-5-2015,
1788,dial  blank 125,1000,8,8000,,
1789,,,,36125,,
1790,rUBBER RING SMALL oUTTER,1000,5,5000,16-5-2015,
1791,dial  blank 125,1000,8,8000,19-5-2015,
1792,nest small Riskshah,350,5,1750,21-5-2015,
1793,dial  Blank ravi,500,12,6000,22-5-2015,
1794,dial  Blank ravi,440,12,5280,23-5-2015,
1795,dial  Blank 125  RPM,200,8,1600,25-5-2015,
1796,Cover Set 125 New model,250,125,31250,30-5-2015,
1797,rUBBER RING large outter,1000,5,5000,,
1798,rUBBER RING large  INNER,1000,5,5000,,
1799,nest Large Rikkshaw,880,10,8800,,
1800,nest small Riskshah,700,5,3500,,
1801,,,,53550,,
1802,cover Set new model 125,300,125,37500,2/6/2015,
1803,rUBBER RING SMALL oUTTER,840,5,4200,3/6/2015,
1804,dial  Blank ravi,1500,12,18000,4/6/2015,
1805,Dial  blank master RPM,600,8,4800,4/6/2015,
1806,dial  Blank suzuki,500,12,6000,,
1807,,,,10800,,
1808,Back  Cover 70 Gare counter,500,32,16000,8/6/2015,
1809,Houing 70 gare counter,500,9,4500,,
1810,,,,20500,,
1811,upper  cover window,500,38,19000,9/6/2015,
1812,Back  Cover 70,500,32,16000,,
1813,,,,35000,,
1814,dial  Blank qinque,520,12,6240,17-6-2015,
1815,upper  cover shurab js jick,466,45,20970,19-6-2015,
1816,back  Cover shurab js ,200,20,4000,,
1817,housing shurab ,256,35,8960,,
1818,,,,33930,,
1819,dial  Blank ravi,500,12,6000,23-6-2015,
1820,dial  Blank ravi,300,12,3600,24-6-2015,
1821,upper  cover  125 new model,500,70,35000,29-6-2015,
1822,back  Cover 125,500,20,10000,,
1823,,,,45000,,
1824,housing qinque,500,35,17500,29-6-2015,
1825,back  Cover qinque,500,20,10000,,
1826,nest qinque,500,20,10000,,
1827,,,,37500,,
1828,dial  Blank master ,500,8,4000,30-6-2015,
1829,dial  Blank ravi,500,12,6000,1/7/2015,
1830,upper  cover shurab js jick,501,45,22545,2/7/2015,
1831,nest small Riskshah,1035,5,5175,,
1832,nest Large Rikkshaw ,217,10,2170,,
1833,rUBBER RING outer large,850,5,4250,,
1834,rUBBER RING glas,865,10,8650,,
1835,rUBBER RING outer small ,2000,5,10000,,
1836,rUBBER RING SMALL INNER,1200,5,6000,,
1837,,,,58790,,
1838,cove set suzuki,5,125,625,25-7-2015,
1839,housing small Rikshaw,400,17,6800,1/8/2015,
1840,housing medium Rikshaw,522,17,8874,,
1841,,,,15674,,
1842,housing small Rikshaw,200,17,3400,4/8/2015,
1843,houing sohrab js,200,35,7000,4/8/2015,
1844,dial  Blank rAVI,500,12,6000,5/8/2015,
1845,dial  Blank rAVI,800,12,9600,6/8/2015,
1846,dial  Blank rAVI,500,12,6000,13-8-2015,
1847,Upper  cover    new 70  Model,370,38,14060,20-8-2015,
1848,back  Cover gair counter,370,32,11840,,
1849,housing gair counter ,130,9,1170,,
1850,,,,27070,,
1851,dial  Blank rAVI,520,12,6240,17-8-2015,
1852,dial  Blank rAVI,100,12,1200,28-8-2015,
1853,dial  Blank master ,250,8,2000,31-8-2015,
1854,housing large riskshaw,1000,25,25000,8/9/2015,
1855,housing small Rikshaw,944,17,16048,,
1856,housing medium Rikshaw,886,17,15062,,
1857,,,,56110,,
1858,Cover Set 125 New model,500,125,62500,8/9/2015,
1859,nest Large Rikkshaw,1000,10,10000,,
1860,rUBBER RING SMALL oUTTER,1100,5,5500,,
1861,,,,78000,,
1862,cover Set ravi,10,125,1250,12/9/2015,
1863,cover Set suzuki ,10,125,1250,,
1864,RUBBER RING SMALL oUTTER,900,5,4500,,
1865,,,,7000,,
1866,dial  Blank rAVI,500,12,6000,9/9/2015,
1867,Dial  Blank 70,300,12,3600,12/9/2015,
1868,rUBBER RING large outter,500,5,2500,19-9-2015,
1869,rUBBER RING large outter,350,5,1750,22-9-2015,
1870,dial  Blank qinque,500,12,6000,8/10/2015,
1871,Nest qinque,200,20,4000,10/10/2015,
1872,dial  Blank master ,300,12,3600,10/10/2015,
1873,dial  Blank rAVI,500,12,6000,,
1874,,,,9600,,
1875,rUBBER RING large outter,700,5,3500,19-10-2015,
1876,rUBBER RING SMALL INNER,1100,5,5500,,
1877,nest small Riskshah,700,5,3500,,
1878,,,,12500,,
1879,dial  Blank rAVI 100cc,200,12,2400,21-10-2015,
1880,dial  Blank 125  ,2000,8,16000,17-11-2015,
1881,dial  Blank rAVI,500,12,6000,20-11-2015,
1882,dial  Blank rAVI,500,12,6000,23-11-2015,
1883,dial  Blank rAVI,300,12,3600,25-11-2015,
1884,Cove set new model 125,150,125,18750,26-11-2015,
1885,cove set old model 125,150,125,18750,,
1886,,,,37500,,
1887,Cove set new model 125,500,125,62500,1/12/2015,
1888,,,,0,,
1889,,,,0,,
1890,,,,0,,
1891,,,,0,,
1892,,,,0,,
1893,,,,0,,
1894,,,,0,,
1895,,,,0,,
1896,,,,0,,
1897,,,,0,,
1898,,,,0,,
1899,,,,0,,
1900,,,,0,,
1901,,,,0,,
1902,,,,0,,
1903,,,,0,,
1904,,,,0,,
1905,,,,0,,
1906,,,,0,,
1907,,,,0,,
1908,,,,0,,
1909,,,,0,,
1910,,,,0,,
1911,,,,0,,
1912,,,,0,,
1913,,,,0,,
1914,,,,0,,
1915,,,,0,,
1916,,,,0,,
1917,,,,0,,
1918,,,,0,,
1919,,,,0,,
1920,,,,0,,
1921,,,,0,,
1922,,,,0,,
1923,,,,0,,
1924,,,,0,,
1925,,,,0,,
1926,,,,0,,
1927,,,,0,,
1928,,,,0,,
1929,,,,0,,
1930,,,,0,,
1931,,,,0,,
1932,,,,0,,
1933,,,,0,,
1934,,,,0,,
1935,,,,0,,
1936,,,,0,,
1937,,,,0,,
1938,,,,0,,
1939,,,,0,,
1940,,,,0,,
1941,,,,0,,
1942,,,,0,,
1943,,,,0,,
1944,,,,0,,
1945,,,,0,,
1946,,,,0,,
1947,,,,0,,
1948,,,,0,,
1949,,,,0,,
1950,,,,0,,
1951,,,,0,,
1952,,,,0,,
1953,,,,0,,
1954,,,,0,,
1955,,,,0,,
1956,,,,0,,
1957,,,,0,,
1958,,,,0,,
1959,,,,0,,
1960,,,,0,,
1961,,,,0,,
1962,,,,0,,
1963,,,,0,,
1964,,,,0,,
1965,,,,0,,
1966,,,,0,,
1967,,,,0,,
1968,,,,0,,
1969,,,,0,,
1970,,,,0,,
1971,,,,0,,
1972,,,,0,,
1973,,,,0,,
1974,,,,0,,
1975,,,,0,,
1976,,,,0,,
1977,,,,0,,
1978,,,,0,,
1979,,,,0,,
1980,,,,0,,
1981,,,,0,,
1982,,,,0,,
1983,,,,0,,
1984,,,,0,,
1985,,,,0,,
1986,,,,0,,
1987,,,,0,,
1988,,,,0,,
1989,,,,0,,
1990,,,,0,,
1991,,,,0,,
1992,,,,0,,
1993,,,,0,,
1994,,,,0,,
1995,,,,0,,
1996,,,,0,,
1997,,,,0,,
1998,,,,0,,
1999,,,,0,,
2000,,,,0,,
2001,,,,0,,
2002,,,,0,,
2003,,,,0,,
2004,,,,0,,
2005,,,,0,,
2006,,,,0,,
2007,,,,0,,
2008,,,,0,,
2009,,,,0,,
2010,,,,0,,
2011,,,,0,,
2012,,,,0,,
2013,,,,0,,
2014,,,,0,,
2015,,,,0,,
2016,,,,0,,
2017,,,,0,,
2018,,,,0,,
2019,,,,0,,
2020,,,,0,,
2021,,,,0,,
2022,,,,0,,
2023,,,,0,,
2024,,,,0,,
2025,,,,0,,
2026,,,,0,,
2027,,,,0,,
2028,,,,0,,
2029,,,,0,,
2030,,,,0,,
2031,,,,0,,
2032,,,,0,,
2033,,,,0,,
2034,,,,0,,
2035,,,,0,,
2036,,,,0,,
2037,,,,0,,
2038,,,,0,,
2039,,,,0,,
2040,,,,0,,
2041,,,,0,,
2042,,,,0,,
2043,,,,0,,
2044,,,,0,,
2045,,,,0,,
2046,,,,0,,
2047,,,,0,,
2048,,,,0,,
2049,,,,0,,
2050,,,,0,,
2051,,,,0,,
2052,,,,0,,
2053,,,,0,,
2054,,,,0,,
2055,,,,0,,
2056,,,,0,,
2057,,,,0,,
2058,,,,0,,
2059,,,,0,,
2060,,,,0,,
2061,,,,0,,
2062,,,,0,,
2063,,,,0,,
2064,,,,0,,
2065,,,,0,,
2066,,,,0,,
2067,,,,0,,
2068,,,,0,,
2069,,,,0,,
2070,,,,0,,
2071,,,,0,,
2072,,,,0,,
,,,,0,,
,,,,0,,
,,,,0,,
,,,,0,,
,,,,0,,
,,,,0,,
,,,,0,,
,,,,0,,
,,,,0,,
,,,,0,,
,,,,0,,
,,,,0,,
,,,,0,,
,,,,0,,
,,,,0,,
,,,,0,,
,,,,0,,
,,,,0,,
,,,,0,,
,,,,0,,
,,,,0,,
,,,,0,,
,,,,0,,
,,,,0,,
,,,,0,,
,,,,0,,
,,,,0,,
,,,,0,,
,,,,0,,
,,,,0,,
,,,,0,,
,,,,0,,
,,,,0,,
,,,,0,,
,,,,0,,
,,,,0,,
,,,,0,,
,,,,0,,
,,,,0,,
,,,,0,,
,,,,0,,
,,,,0,,
,,,,0,,
,,,,0,,
,,,,0,,
,,,,0,,
,,,,0,,
,,,,0,,
,,,,0,,
,,,,0,,
,,,,0,,
,,,,0,,
,,,,0,,
,,,,0,,
,,,,0,,
,,,,0,,
,,,,0,,
,,,,0,,
,,,,0,,
,,,,0,,
,,,,0,,
,,,,0,,
,,,,0,,
,,,,0,,
,,,,0,,
,,,,0,,
,,,,0,,
,,,,0,,
,,,,0,,
,,,,0,,
,,,,0,,
,,,,0,,
,,,,0,,
,,,,0,,
,,,,0,,
,,,,0,,
,,,,0,,
,,,,0,,
,,,,0,,
,,,,0,,
,,,,0,,
,,,,0,,
,,,,0,,
,,,,0,,
,,,,0,,
,,,,0,,
,,,,0,,
,,,,0,,
,,,,0,,
,,,,0,,
,,,,0,,
,,,,0,,
,,,,0,,
,,,,0,,
,,,,0,,
,,,,0,,
,,,,0,,
,,,,0,,
,,,,0,,
,,,,0,,
,,,,0,,
,,,,0,,
,,,,0,,
,,,,0,,
,,,,0,,
,,,,0,,
,,,,0,,
,,,,0,,
,,,,0,,
,,,,0,,
,,,,0,,
,,,,0,,
,,,,0,,
,,,,0,,
,,,,0,,
,,,,0,,
,,,,0,,
,,,,0,,
,,,,0,,
,,,,0,,
,,,,0,,
,,,,0,,
,,,,0,,
,,,,0,,
,,,,0,,
,,,,0,,
,,,,0,,
,,,,0,,
,,,,0,,
,,,,0,,
,,,,0,,
,,,,0,,
,,,,0,,
,,,,0,,
,,,,0,,
,,,,0,,
,,,,0,,
,,,,0,,
,,,,0,,
,,,,0,,
,,,,0,,
,,,,0,,
,,,,0,,
,,,,0,,
,,,,0,,
,,,,0,,
,,,,0,,
,,,,0,,
,,,,0,,
,,,,0,,
,,,,0,,
,,,,0,,
,,,,0,,
,,,,0,,
,,,,0,,
,,,,0,,
,,,,0,,
,,,,0,,
,,,,0,,
,,,,0,,
,,,,0,,
,,,,0,,
,,,,0,,
,,,,0,,
,,,,0,,
,,,,0,,
,,,,0,,
,,,,0,,
,,,,0,,
