Sr.,Particulars,Qty,Rate,Total,Date,Company ,,,,,,,,,
1,Upper Cover United,1014,40,40560,10-Oct-11,Techno Call,,,,,,,,,
2,Back Cover 70,2519,32,80608,,Techno Call,,,,,,,,,
3,Housing 70,674,9,6066,,Techno Call,,,,,,,,,
4,,,,127234,,Techno Call,,,,,,,,,
5,Upper Cover United,741,40,29640,14-Oct-11,Techno Call,,,,,,,,,
6,Housing 70,602,9,5418,,Techno Call,,,,,,,,,
7,Dial Blank 70,3500,9,31500,,Techno Call,,,,,,,,,
8,,,,66558,,Techno Call,,,,,,,,,
9,Upper Cover United,507,40,20280,17-Oct-11,Techno Call,,,,,,,,,
10,Back Cover 70,465,32,14880,,Techno Call,,,,,,,,,
11,Housing 70,363,9,3267,,Techno Call,,,,,,,,,
12,,,,38427,,Techno Call,,,,,,,,,
13,Upper Cover United,503,40,20120,19-Oct-11,Techno Call,,,,,,,,,
14,Back Cover 70,521,32,16672,,Techno Call,,,,,,,,,
15,Housing 70,933,9,8397,,Techno Call,,,,,,,,,
16,,,,45189,,Techno Call,,,,,,,,,
17,Upper Cover United,735,40,29400,22-Oct-11,Techno Call,,,,,,,,,
18,Housing 70,928,9,8352,,Techno Call,,,,,,,,,
19,,,,37752,,Techno Call,,,,,,,,,
20,Upper Cover 70 New,100,40,4000,16-Dec-11,Techno Call,,,,,,,,,
21, Meter Wire 70,100,24,2400,,Techno Call,,,,,,,,,
22,,,,6400,,Techno Call,,,,,,,,,
23,Dial Blank 70,1100,9,9900,11-Feb-12,Techno Call,,,,,,,,,
24,Upper Cover 70 New,100,40,4000,,Techno Call,,,,,,,,,
25,Dial Blank 70,150,9,1350,,Techno Call,,,,,,,,,
26,Printed Dial 70,1170,7,8190,,Techno Call,,,,,,,,,
27,Upper Cover Hi Speed,1105,42,46410,,Techno Call,,,,,,,,,
28,,,,69850,,,,,,,,,,,
29,Dial Blank 70,425,9,3825,21-Feb-12,,,,,,,,,,
30,Upper Cover 70 New,400,40,16000,,,,,,,,,,,
31,,,,19825,,,,,,,,,,,
32,Dial Blank 70,325,9,2925,1-Mar-12,,,,,,,,,,
33,Dial Blank 70,700,9,6300,,,,,,,,,,,
34,Upper Cover 70 New,150,40,6000,,,,,,,,,,,
35,Meter Wire,150,24,3600,,,,,,,,,,,
36,Dial Blank 70,1000,9,9000,,,,,,,,,,,
37,Dial Printed 70,535,7,3745,,,,,,,,,,,
38,Dial Printed Challenger,423,7,2961,,,,,,,,,,,
39,Upper Cover United,618,40,24720,,,,,,,,,,,
40,Back Cover 70,570,32,18240,,,,,,,,,,,
41,Housing 70,550,9,4950,,,,,,,,,,,
42,,,,82441,,,,,,,,,,,
43,Pointer Given,3000,9,27000,1-Mar-12,,,,,,,,,,
44,Dial Blank 70,3000,9,27000,7-Mar-12,,,,,,,,,,
45,Upper Cover Zxmco,441,40,17640,,,,,,,,,,,
46,Back Cover 70,385,32,12320,,,,,,,,,,,
47,,,,56960,,,,,,,,,,,
48,Upper Cover Zxmco,507,42,21294,12-Mar-12,,,,,,,,,,
49,Back Cover 70,454,32,14528,,,,,,,,,,,
50,Housing 70,514,9,4626,,,,,,,,,,,
51,,,,40448,,,,,,,,,,,
52,Upper Cover united,563,40,22520,16-Mar-12,,,,,,,,,,
53,Back Cover 70,594,32,19008,,,,,,,,,,,
54,Housing 70 black,582,9,5238,,,,,,,,,,,
55,,,,46766,,,,,,,,,,,
56,Dial Blank Quinque,125,12,1500,21-Mar-12,,,,,,,,,,
57,Upper Cover 70,50,40,2000,,,,,,,,,,,
58,Meter Wire United,500,24,12000,,,,,,,,,,,
59,Upper Cover 70 New,250,40,10000,,,,,,,,,,,
60,Upper Cover United 70,305,40,12200,,,,,,,,,,,
61,Back Cover 70,190,32,6080,,,,,,,,,,,
62,Housing 70 Blue,250,9,2250,,,,,,,,,,,
63,Housing 70 black,408,9,3672,,,,,,,,,,,
64,,,,49702,,,,,,,,,,,
,,,,,,,,,,,,,,,
M/S,Techno Cal,,,,,,,,,,,,,,
,,,,,,,,,,,,,,,
Sr.,Particulars,Qty,Rate,Total,Date,,,,,,,,,,
1,Back Cover 70,189,32,6048,30-Mar-12,,,,,,,,,,
2,Back Cover 70,204,32,6528,,,,,,,,,,,
3,Back Cover 70,102,32,3264,,,,,,,,,,,
4,housing 70,132,9,1188,,,,,,,,,,,
5,upper Cover 70,92,40,3680,,,,,,,,,,,
6,Meter Wire 70,500,24,12000,,,,,,,,,,,
7,Upper Cover Unique,247,40,9880,,,,,,,,,,,
8,Back Cover 70,77,32,2464,,,,,,,,,,,
9,housing 70,140,9,1260,,,,,,,,,,,
10,,,,46312,,,,,,,,,,,
11,Back Cover 70,154,32,4928,4-Apr-12,,,,,,,,,,
12,housing 70 Black,240,9,2160,,,,,,,,,,,
13,Upper Cover United,240,40,9600,,,,,,,,,,,
14,Upper Cover 70,170,40,6800,,,,,,,,,,,
15,housing 70,260,9,2340,,,,,,,,,,,
16,Dial Blank 70,1500,9,13500,,,,,,,,,,,
17,housing 70 black,160,9,1440,,,,,,,,,,,
18,Upper Cover Zxmco,240,40,9600,,,,,,,,,,,
19,,,,50368,,,,,,,,,,,
20,Upper Cover Zxmco,284,40,11360,6-Apr-12,,,,,,,,,,
21,Back Cover 70,167,32,5344,,,,,,,,,,,
22,housing 70,634,9,5706,,,,,,,,,,,
23,,,,22410,,,,,,,,,,,
24,Dial Blank Quinque,500,12,6000,9-Apr-12,,,,,,,,,,
25,Dial Blank 70,400,9,3600,,,,,,,,,,,
26,Upper Cover Zxmco,388,40,15520,,,,,,,,,,,
27,Back Cover 70,432,32,13824,,,,,,,,,,,
28,Housing 70 (Black),120,9,1080,,,,,,,,,,,
29,,,,40024,,,,,,,,,,,
30,Upper Cover Quinque,407,45,18315,11-Apr-12,,,,,,,,,,
31,Back Cover 70,483,32,15456,,,,,,,,,,,
32,Housing 70,500,9,4500,,,,,,,,,,,
33,Nest Quinque,530,20,10600,,,,,,,,,,,
34,Housing Quinque,528,35,18480,,,,,,,,,,,
35,back cover Quinque,530,20,10600,,,,,,,,,,,
36,,,,77951,,,,,,,,,,,
37,Back Cover 70,186,32,5952,19-Apr-12,,,,,,,,,,
38,Upper Cover Zxmco,148,40,5920,,,,,,,,,,,
39,Back Cover 70,195,32,6240,,,,,,,,,,,
40,Upper Cover Zxmco,388,40,15520,,,,,,,,,,,
41,Back Cover 70,93,32,2976,,,,,,,,,,,
42,Upper Cover Zxmco,424,40,16960,,,,,,,,,,,
43,Back Cover 70,492,32,15744,,,,,,,,,,,
44,Housing 70 (Black),540,9,4860,,,,,,,,,,,
45,,,,74172,,,,,,,,,,,
46,Upper Cover Zxmco,148,40,5920,23-Apr,,,,,,,,,,
47,Dial blank 70,1000,9,9000,26-Apr-12,,,,,,,,,,
48,Upper Cover Window,444,40,17760,28-Apr-12,,,,,,,,,,
49,Back Cover 70,239,32,7648,,,,,,,,,,,
50,,,,40328,,,,,,,,,,,
51,Upper Cover Window,370,40,14800,2-May-12,,,,,,,,,,
52,Back Cover 70,347,32,11104,,,,,,,,,,,
53,Housing 70 Black,882,9,7938,,,,,,,,,,,
54,Dial Blank 70 ,1500,9,13500,,,,,,,,,,,
55,Dial Blank Qinque,500,12,6000,,,,,,,,,,,
56,Upper Cover Window,74,40,2960,,,,,,,,,,,
57,Back Cover 70,452,32,14464,,,,,,,,,,,
58,,,,70766,,,,,,,,,,,
59,Upper Cover Window,509,40,20360,5-May-12,,,,,,,,,,
60,Back Cover 70,528,32,16896,,,,,,,,,,,
61,Housing 70 Black,108,9,972,,,,,,,,,,,
62,,,,38228,,,,,,,,,,,
,,,,,,,,,,,,,,,
M/S,Techno Cal,,,,,,,,,,,,,,
,,,,,,,,,,,,,,,
Sr.,Particulars,Qty,Rate,Total,Date,,,,,,,,,,
1,Housing 70 Black,574,9,5166,8-May-12,,,,,,,,,,
2,Dial Blank 70,1000,9,9000,,,,,,,,,,,
3,back Cover 70,430,32,13760,,,,,,,,,,,
4,Housing 70 Black,848,9,7632,,,,,,,,,,,
5,,,,35558,,,,,,,,,,,
6,dial blank 70,300,9,2700,11-May-12,,,,,,,,,,
7,Upper Cover Window 70,530,40,21200,,,,,,,,,,,
8,Back cover 70,504,32,16128,,,,,,,,,,,
9,Housing 70 black,240,9,2160,,,,,,,,,,,
10,,,,42188,,,,,,,,,,,
11,Upper Cover Window 70,74,40,2960,15-May-12,,,,,,,,,,
12,Upper Cover Window 70,605,40,24200,,,,,,,,,,,
13,back Cover 70,335,32,10720,,,,,,,,,,,
14,Housing 70 black,647,9,5823,,,,,,,,,,,
15,,,,43703,,,,,,,,,,,
16,Back Cover 70,362,32,11584,22-May-12,,,,,,,,,,
17,Upper Cover Window,242,40,9680,,,,,,,,,,,
18,Back Cover 70,552,32,17664,,,,,,,,,,,
19,Housing 70 black,446,9,4014,,,,,,,,,,,
20,Upper Cover Window,120,40,4800,,,,,,,,,,,
21,Upper Cover Window,314,40,12560,,,,,,,,,,,
22,Back Cover 70,415,32,13280,,,,,,,,,,,
23,Housing 70 black,439,9,3951,,,,,,,,,,,
24,,,,77533,,,,,,,,,,,
25,Dial Blank 70,1000,9,9000,5/25/2012,,,,,,,,,,
26,Upper Cover window,446,40,17840,,,,,,,,,,,
27,Back Cover 70,461,32,14752,,,,,,,,,,,
28,Housing 70 ,626,9,5634,,,,,,,,,,,
29,,,,47226,,,,,,,,,,,
30,Upper Cover Hi speed,296,40,11840,5/28/2012,,,,,,,,,,
31,Back Cover 70,408,32,13056,,,,,,,,,,,
32,Housing 70 ,326,9,2934,,,,,,,,,,,
33,,,,27830,,,,,,,,,,,
34,Back Cover 70,519,32,16608,6/1/2012,,,,,,,,,,
35,Housing 70,577,9,5193,,,,,,,,,,,
36,Meter Wire,545,24,13080,,,,,,,,,,,
37,,,,34881,,,,,,,,,,,
38,Upper Cover Window,344,40,13760,6/2/2012,,,,,,,,,,
39,Back Cover 70,309,32,9888,,,,,,,,,,,
40,Upper Cover Qinque 100cc,306,45,13770,,,,,,,,,,,
41,Back Cover Qinque,300,20,6000,,,,,,,,,,,
42,Housing Qinque,320,35,11200,,,,,,,,,,,
43,Nest Qinque,330,20,6600,,,,,,,,,,,
44,,,,61218,,,,,,,,,,,
45,Upper Cover 70,74,40,2960,7-Jun,,,,,,,,,,
46,Dial Blank 70,600,9,5400,,,,,,,,,,,
47,Upper Cover Window,368,40,14720,,,,,,,,,,,
48,Back Cover 70,465,32,14880,,,,,,,,,,,
49,Housing 70 ,433,9,3897,,,,,,,,,,,
50,Upper Cover Window,146,40,5840,,,,,,,,,,,
51,Upper Cover Window,168,40,6720,,,,,,,,,,,
52,Back Cover 70,444,32,14208,,,,,,,,,,,
53,Housing 70 ,230,9,2070,,,,,,,,,,,
54,,,,70695,,,,,,,,,,,
55,Back Cover 70,779,32,24928,9-Jun-12,,,,,,,,,,
56,Housing 70,579,9,5211,,,,,,,,,,,
57,Meter Wire,800,24,19200,,,,,,,,,,,
58,,,,49339,,,,,,,,,,,
59,Upper Cover Window,454,40,18160,6/11/2012,,,,,,,,,,
60,Back Cover 70,510,32,16320,,,,,,,,,,,
61,Housing 70,496,9,4464,,,,,,,,,,,
62,,,,38944,,,,,,,,,,,
,,,,,,,,,,,,,,,
M/S,Techno Cal,,,,,,,,,,,,,,
,,,,,,,,,,,,,,,
Sr.,Particulars,Qty,Rate,Total,Date,,,,,,,,,,
1,Dial Blank 70,700,9,6300,14-Jun-12,,,,,,,,,,
2,Upper Cover Window,240,40,9600,,,,,,,,,,,
3,Upper Cover Hi speed,370,40,14800,,,,,,,,,,,
4,Upper Cover Window,222,40,8880,,,,,,,,,,,
5,Back Cover 70,338,32,10816,,,,,,,,,,,
6,Housing 70 blue,156,9,1404,,,,,,,,,,,
7,Housing 70 Black,156,9,1404,,,,,,,,,,,
8,,,,53204,,,,,,,,,,,
9,Dial Blank 70,500,9,4500,6/18/2012,,,,,,,,,,
10,Upper Cover Window,222,40,8880,,,,,,,,,,,
11,Back Cover 70,420,32,13440,,,,,,,,,,,
12,Housing 70 Black,416,9,3744,,,,,,,,,,,
13,,,,30564,,,,,,,,,,,
14,Upper Cover Window,173,40,6920,6/21/2012,,,,,,,,,,
15,Upper Cover 70 new,148,40,5920,,,,,,,,,,,
16,Upper Cover Window,452,40,18080,,,,,,,,,,,
17,Housing 70 ,452,9,4068,,,,,,,,,,,
18,,,,34988,,,,,,,,,,,
19,Dial Blank 70,2700,9,24300,2-Jul-12,,,,,,,,,,
20,Upper Cover 70 Window,388,40,15520,,,,,,,,,,,
21,upper Cover Qinque 100cc,360,45,16200,,,,,,,,,,,
22,Back cover Qinque,500,20,10000,,,,,,,,,,,
23,nest Qinque,500,20,10000,,,,,,,,,,,
24,Housing qinque,273,35,9555,,,,,,,,,,,
25,,,,85575,,,,,,,,,,,
26,Upper Cover 70 Window,462,40,18480,7/5/2012,,,,,,,,,,
27,Back Cover 70,444,32,14208,,,,,,,,,,,
28,Housing 70 ,403,9,3627,,,,,,,,,,,
29,Upper Cover 70 New,92,40,3680,,,,,,,,,,,
30,Upper Cover qinque 100cc,140,45,6300,,,,,,,,,,,
31,,,,46295,,,,,,,,,,,
32,Upper Cover 70,296,40,11840,9-Jul-12,,,,,,,,,,
33,Upper Cover Window,480,40,19200,,,,,,,,,,,
34,Back Cover 70,543,32,17376,,,,,,,,,,,
35,Housing 70,411,9,3699,,,,,,,,,,,
36,,,,52115,,,,,,,,,,,
37,Back Cover 70,627,32,20064,7/11/2012,,,,,,,,,,
38,Housing 70,545,9,4905,,,,,,,,,,,
39,,,,24969,,,,,,,,,,,
40,Dial Blank 70,500,9,4500,7/14/2012,,,,,,,,,,
41,Upper Cover Window,388,40,15520,,,,,,,,,,,
42,Housing 70,527,9,4743,,,,,,,,,,,
43,,,,24763,,,,,,,,,,,
44,Dial Blank Qinque,200,12,2400,7/19/2012,,,,,,,,,,
45,Upper Cover Window,296,40,11840,,,,,,,,,,,
46,Cover Set Sohrab Js,100,120,12000,,,,,,,,,,,
47,,,,26240,,,,,,,,,,,
48,Dial Blank Sohrab js,100,12,1200,7/21/2012,,,,,,,,,,
49,Back Cover 70,469,32,15008,,,,,,,,,,,
50,Housing 70 Black,429,9,3861,,,,,,,,,,,
51,,,,20069,,,,,,,,,,,
52,Upper Cover Window,75,40,3000,8/1/2012,,,,,,,,,,
53,Upper Cover Window,298,40,11920,,,,,,,,,,,
54,Back Cover 70,527,32,16864,,,,,,,,,,,
55,Housing 70 Black,553,9,4977,,,,,,,,,,,
56,,,,36761,,,,,,,,,,,
57,Upper Cover 70 New,611,40,24440,8/3/2012,,,,,,,,,,
58,Back Cover 70,487,32,15584,,,,,,,,,,,
59,Housing Qinque,449,35,15715,,,,,,,,,,,
60,Nest Qinque,200,20,4000,,,,,,,,,,,
61,,,,59739,,,,,,,,,,,
62,Dial Blank 70,1000,9,9000,8/6/2012,,,,,,,,,,
63,Dial Blank Qinque,500,12,6000,,,,,,,,,,,
64,Upper Cover Qinque 100cc,496,45,22320,,,,,,,,,,,
65,Back cover Qinque,505,20,10100,,,,,,,,,,,
66,Nest Qinque,300,20,6000,,,,,,,,,,,
67,,,,53420,,,,,,,,,,,
68,Upper Cover70 New,355,40,14200,8/7/2012,,,,,,,,,,
69,Upper Cover Unique,252,40,10080,,,,,,,,,,,
70,Upper Cover Zxmco,220,40,8800,,,,,,,,,,,
71,Back Cover 70,679,32,21728,,,,,,,,,,,
72,Housing 70 Black,699,9,6291,,,,,,,,,,,
73,,,,61099,,,,,,,,,,,
74,Back Cover 70,327,32,10464,8/8/2012,,,,,,,,,,
75,Housing 70,496,9,4464,,,,,,,,,,,
76,,,,14928,,,,,,,,,,,
77,Upper Cover Unique,258,40,10320,8/11/2012,,,,,,,,,,
78,Upper Cover Window,222,40,8880,,,,,,,,,,,
79,Back Cover 70,523,32,16736,,,,,,,,,,,
80,Housing 70 Black,507,9,4563,,,,,,,,,,,
81,,,,40499,,,,,,,,,,,
82,Dial Blank 70,1000,9,9000,8/28/2012,,,,,,,,,,
83,Upper Cover Window,157,40,6280,,,,,,,,,,,
84,Upper Cover Window,148,40,5920,,,,,,,,,,,
85,Upper Cover Unique,84,40,3360,,,,,,,,,,,
86,Upper Cover Window,74,40,2960,,,,,,,,,,,
87,Dial Blank 70,1000,9,9000,,,,,,,,,,,
88,Upper Cover Window,514,40,20560,,,,,,,,,,,
89,,,,57080,,,,,,,,,,,
90,Upper Cover Window,583,40,23320,8/30/2012,,,,,,,,,,
91,Back Cover 70,569,32,18208,,,,,,,,,,,
92,Housing 70 Black,597,9,5373,,,,,,,,,,,
93,,,,46901,,,,,,,,,,,
94,Dial Blank 70,2000,9,18000,9/1/2012,,,,,,,,,,
95,Upper Cover Window,538,40,21520,,,,,,,,,,,
96,Back Cover 70,612,32,19584,,,,,,,,,,,
97,Housing 70 Black,446,9,4014,,,,,,,,,,,
98,,,,63118,,,,,,,,,,,
99,Upper Cover Window,522,40,20880,9/3/2012,,,,,,,,,,
100,Back Cover 70,555,32,17760,,,,,,,,,,,
101,Housing 70 Black,580,9,5220,,,,,,,,,,,
102,,,,43860,,,,,,,,,,,
103,Upper Cover 70,518,40,20720,9/5/2012,,,,,,,,,,
104,Upper Cover Window,288,40,11520,,,,,,,,,,,
105,Back Cover 70,843,32,26976,,,,,,,,,,,
106,Housing 70 Black,684,9,6156,,,,,,,,,,,
107,,,,65372,,,,,,,,,,,
108,Upper Cover Window,581,40,23240,9/6/2012,,,,,,,,,,
109,Back Cover 70,378,32,12096,,,,,,,,,,,
110,,,,35336,,,,,,,,,,,
111,Dial Blank 70,2000,9,18000,9/10/2012,,,,,,,,,,
112,Upper Cover Window,444,40,17760,,,,,,,,,,,
113,Back Cover 70,354,32,11328,,,,,,,,,,,
114,Housing 70 Black,1054,9,9486,,,,,,,,,,,
115,,,,56574,,,,,,,,,,,
116,Upper Cover Window,480,40,19200,9/14/2012,,,,,,,,,,
117,Back Cover 70,607,32,19424,,,,,,,,,,,
118,Housing 70 Black,554,9,4986,,,,,,,,,,,
119,,,,43610,,,,,,,,,,,
120,Upper Cover Window,397,40,15880,9/17/2012,,,,,,,,,,
121,Back Cover 70,494,32,15808,,,,,,,,,,,
122,Housing 70 Black,612,9,5508,,,,,,,,,,,
123,,,,37196,,,,,,,,,,,
124,Upper Cover Window,523,40,20920,9/20/2012,,,,,,,,,,
125,Back Cover 70,523,32,16736,,,,,,,,,,,
126,Housing 70 Black,578,9,5202,,,,,,,,,,,
127,,,,42858,,,,,,,,,,,
128,Upper Cover Window,518,40,20720,9/24/2012,,,,,,,,,,
129,Back Cover 70,502,32,16064,,,,,,,,,,,
130,Housing 70 Black,500,9,4500,,,,,,,,,,,
131,,,,41284,,,,,,,,,,,
132,Dial Blank 70,700,9,6300,9/26/2012,,,,,,,,,,
133,Upper Cover Qinque ,514,45,23130,,,,,,,,,,,
134,Back Cover Qinque,510,20,10200,,,,,,,,,,,
135,Housing Qinque,518,35,18130,,,,,,,,,,,
136,Nest Qinque,510,20,10200,,,,,,,,,,,
137,,,,67960,,,,,,,,,,,
138,Dial Blank 70,1000,9,9000,9/27/2012,,,,,,,,,,
139,Upper Cover 70,166,40,6640,,,,,,,,,,,
140,Upper Cover Window,361,40,14440,,,,,,,,,,,
141,Back Cover 70,658,32,21056,,,,,,,,,,,
142,Housing 70 Black,588,9,5292,,,,,,,,,,,
143,,,,56428,,,,,,,,,,,
144,Upper Cover Window,892,40,35680,10/1/2012,,,,,,,,,,
145,Back Cover 70,321,32,10272,,,,,,,,,,,
146,Housing 70 Black,478,9,4302,,,,,,,,,,,
147,Dial blank 70,2000,9,18000,,,,,,,,,,,
148,,,,68254,,,,,,,,,,,
149,Upper Cover Window,740,40,29600,10/5/2012,,,,,,,,,,
150,Back Cover 70,480,32,15360,,,,,,,,,,,
151,Housing 70 Black,559,9,5031,,,,,,,,,,,
152,,,,49991,,,,,,,,,,,
153,Upper Cover Window,812,40,32480,10/8/2012,,,,,,,,,,
154,Back Cover 70,796,32,25472,,,,,,,,,,,
155,Housing 70 Black,797,9,7173,,,,,,,,,,,
156,,,,65125,,,,,,,,,,,
157,Upper Cover Qinque ,500,45,22500,10/11/2012,,,,,,,,,,
158,Back cover Qinque,500,20,10000,,,,,,,,,,,
159,Housing Qinque,500,35,17500,,,,,,,,,,,
160,Nest Qinque,500,20,10000,,,,,,,,,,,
161,,,,60000,,,,,,,,,,,
162,Upper Cover window,753,40,30120,10/13/2012,,,,,,,,,,
163,back Cover 70,743,32,23776,,,,,,,,,,,
164,Housing 70 black,737,9,6633,,,,,,,,,,,
165,Dial blank qinque,25,12,300,,,,,,,,,,,
166,,,,60829,,,,,,,,,,,
167,Upper Cover Window,444,40,17760,9/9/2012,,,,,,,,,,
168,Back Cover 70,612,32,19584,,,,,,,,,,,
169,Housing 70 Black,482,9,4338,,,,,,,,,,,
170,,,,41682,,,,,,,,,,,
171,Dial Blank Qinque,1000,12,12000,10/17/2012,,,,,,,,,,
172,dial Blank 70,600,9,5400,,,,,,,,,,,
173,Upper Cover Window,520,40,20800,,,,,,,,,,,
174,Back Cover 70,531,32,16992,,,,,,,,,,,
175,Housing 70 Black,560,9,5040,,,,,,,,,,,
176,,,,60232,,,,,,,,,,,
177,Dial Blank 70,2000,9,18000,10/24/2012,,,,,,,,,,
178,Upper Cover Window,829,40,33160,,,,,,,,,,,
179,Back Cover 70,801,32,25632,,,,,,,,,,,
180,Housing 70 Black,636,9,5724,,,,,,,,,,,
181,,,,82516,,,,,,,,,,,
182,Upper Cover Window,695,40,27800,10/25/2012,,,,,,,,,,
183,Back Cover 70,622,32,19904,,,,,,,,,,,
184,Housing 70 Black,640,9,5760,,,,,,,,,,,
185,,,,53464,,,,,,,,,,,
186,Upper Cover Window,563,40,22520,11/1/2012,,,,,,,,,,
187,Back Cover 70,537,32,17184,,,,,,,,,,,
188,Housing 70 Black,545,9,4905,,,,,,,,,,,
189,Dial Blank 70,2000,9,18000,,,,,,,,,,,
190,,,,62609,,,,,,,,,,,
191,Dial Blank 70,1000,9,9000,11/5/2012,,,,,,,,,,
192,dial Blank Qinque,1000,12,12000,,,,,,,,,,,
193,Upper Cover Window,823,40,32920,,,,,,,,,,,
194,Back Cover 70,769,32,24608,,,,,,,,,,,
195,Housing 70 Black,700,9,6300,,,,,,,,,,,
196,,,,84828,,,,,,,,,,,
197,Upper Cover Qinque ,506,45,22770,11/7/2012,,,,,,,,,,
198,Housing Qinque,506,35,17710,,,,,,,,,,,
199,Back Cover Qinque,506,20,10120,,,,,,,,,,,
200,Nest Qinque,506,20,10120,,,,,,,,,,,
201,,,,60720,,,,,,,,,,,
202,Upper cover window,821,40,32840,11/7/2012,,,,,,,,,,
203,back Cover 70,834,32,26688,,,,,,,,,,,
204,Housing 70,820,9,7380,,,,,,,,,,,
205,,,,66908,,,,,,,,,,,
206,Upper cover window,760,40,30400,11/12/2012,,,,,,,,,,
207,back Cover 70,512,32,16384,,,,,,,,,,,
208,Housing 70,502,9,4518,,,,,,,,,,,
209,,,,51302,,,,,,,,,,,
210,Upper Cover Window,472,40,18880,11/14/2012,,,,,,,,,,
211,Back Cover 70,437,32,13984,,,,,,,,,,,
212,Housing 70 Black,448,9,4032,,,,,,,,,,,
213,upper Cover Sohrab js,100,45,4500,,,,,,,,,,,
214,back cover sohrab js,100,20,2000,,,,,,,,,,,
215,Housing sohrab js,100,35,3500,,,,,,,,,,,
216,Nest sohrab js,100,20,2000,,,,,,,,,,,
217,,,,48896,,,,,,,,,,,
218,Dial Blank 70,1000,9,9000,11/19/2012,,,,,,,,,,
219,Upper Cover window,1022,40,40880,,,,,,,,,,,
220,Back Cover 70,555,32,17760,,,,,,,,,,,
221,Housing 70 Black,1108,9,9972,,,,,,,,,,,
222,,,,77612,,,,,,,,,,,
223,Dial Blank 70,2000,9,18000,11/26/2012,,,,,,,,,,
224,Upper Cover window,1004,40,40160, ,,,,,,,,,,
225,Back Cover 70,920,32,29440,,,,,,,,,,,
226,Housing 70 Black,168,9,1512,,,,,,,,,,,
227,,,,89112,,,,,,,,,,,
228,Dial Blank 70,2000,9,18000,11/29/2012,,,,,,,,,,
229,Upper Cover window,563,40,22520,,,,,,,,,,,
230,Back Cover 70,555,32,17760,,,,,,,,,,,
231,Housing 70 Black,1578,9,14202,,,,,,,,,,,
232,,,,72482,,,,,,,,,,,
233,Upper Cover window,622,40,24880,12/1/2012,,,,,,,,,,
234,Back Cover 70,738,32,23616,,,,,,,,,,,
235,Housing 70 Black,567,9,5103,,,,,,,,,,,
236,,,,53599,,,,,,,,,,,
237,Upper Cover window,458,40,18320,12/3/2012,,,,,,,,,, 
238,Back Cover 70,503,32,16096,,,,,,,,,,,
239,Housing 70 Black,577,9,5193,,,,,,,,,,,
240,,,,39609,,,,,,,,,,,
241,Upper Cover window,1008,40,40320,12/5/2012,,,,,,,,,,
242,Back Cover 70,510,32,16320,,,,,,,,,,,
243,Housing 70 Black,612,9,5508,,,,,,,,,,,
244,,,,62148,,,,,,,,,,,
245,Dial Blank 70,1500,9,13500,12/8/2012,,,,,,,,,,
246,Upper Cover Qinque ,288,45,12960,,,,,,,,,,,
247,housing Qinque,288,35,10080,,,,,,,,,,,
248,Back cover qinque,288,20,5760,,,,,,,,,,,
249,Nest Qinque,288,20,5760,,,,,,,,,,,
250,Back Cover 70,716,32,22912,,,,,,,,,,,
251,Housing 70 Black,741,9,6669,,,,,,,,,,,
252,,,,77641,,,,,,,,,,,
253,Upper Cover window,1058,40,42320,12/10/2012,,,,,,,,,,
254,Back Cover 70,306,32,9792,,,,,,,,,,,
255,Housing 70 Black,1038,9,9342,,,,,,,,,,,
256,,,,61454,,,,,,,,,,,
257,Upper Cover window,896,40,35840,12/12/2012,,,,,,,,,,
258,Back Cover 70,849,32,27168,,,,,,,,,,,
259,Housing 70 Black,881,9,7929,,,,,,,,,,,
260,,,,70937,,,,,,,,,,,
261,Upper Cover window,515,40,20600,12/15/2012,,,,,,,,,,
262,Back Cover 70,519,32,16608,,,,,,,,,,,
263,Housing 70 Black,525,9,4725,,,,,,,,,,,
264,,,,41933,,,,,,,,,,,
265,Upper Cover Qinque ,504,45,22680,12/17/2012,,,,,,,,,,
266,back cover Qinque,500,20,10000,,,,,,,,,,,
267,Housing Qinque,500,35,17500,,,,,,,,,,,
268,Nest Qinque,500,20,10000,,,,,,,,,,,
269,,,,60180,,,,,,,,,,,
270,Dial Blank 70,3000,8,24000,12/22/2012,,,,,,,,,,
271,Upper cover Window,376,40,15040,,,,,,,,,,,
272,Back Cover 70,900,30,27000,,,,,,,,,,,
273,Hoiusing 70,305,9,2745,,,,,,,,,,,
274,,,,68785,,,,,,,,,,,
275,Upper cover Window,767,40,30680,12/27/2012,,,,,,,,,,
276,Back Cover 70,1053,30,31590,,,,,,,,,,,
277,Hoiusing 70,686,9,6174,,,,,,,,,,,
278,,,,68444,,,,,,,,,,,
279,Upper Cover Window,703,40,28120,12/29/2012,,,,,,,,,,
280,Back Cover 70,703,30,21090,,,,,,,,,,,
281,Hoiusing 70,703,9,6327,,,,,,,,,,,
282,,,,55537,,,,,,,,,,,
283,Upper Cover Window,473,40,18920,1/2/2013,,,,,,,,,,
284,Back Cover 70,1031,30,30930,,,,,,,,,,,
285,Hoiusing 70,1068,8,8544,,,,,,,,,,,
286,Dial Blank 70,3000,8,24000,,,,,,,,,,,
287,Dial Blank Qinque,1000,12,12000,,,,,,,,,,,
288,,,,94394,,,,,,,,,,,
289,Upper Cover Window,537,40,21480,1/3/2013,,,,,,,,,,
290,Upper Cover Window,528,40,21120,,,,,,,,,,,
291,Back Cover 70,525,30,15750,,,,,,,,,,,
292,Housing 70 Black,524,8,4192,,,,,,,,,,,
293,,,,62542,,,,,,,,,,,
294,Upper Cover Window,526,40,21040,1/5/2012,,,,,,,,,,
295,Back Cover 70,504,30,15120,,,,,,,,,520186,feb,
296,Hoiusing 70 Black,587,8,4696,,,,,,,,,,,
297,Back Cover Qinque Replace,500,,0,,,,,,,,,,,
298,,,,40856,,,,,,,,,,,
299,Upper Cover Window,543,40,21720,1/8/2013,,,,,,,,,,
300,Upper Cover Window,232,40,9280,,,,,,,,,,,
301,Back Cover 70,838,30,25140,,,,,,,,,,,
302,Housing 70 Black,846,8,6768,,,,,,,,,,,
303,,,,62908,,,,,,,,,,,
304,Upper Cover Qinque ,522,45,23490,1/12/2013,,,,,,,,,,
305,Back cover Qinque,940,20,18800,,,,,,,,,,,
306,Housing Qinque,944,35,33040,,,,,,,,,,,
307,Nest Qinque,940,20,18800,,,,,,,,,,,
308,,,,94130,,,,,,,,,,,
309,Dial Blank 70,500,8,4000,1/16/2013,,,,,,,,534600,Mar,
310,Upper Cover Window,1011,40,40440,,,,,,,,,,,
311,Back Cover 70,1033,30,30990,,,,,,,,,,,
312,,,,75430,,,,,,,,,,,
313,Dial Blank 70,3000,8,24000,1/24/2013,,,,,,,,,,
314,Upper cover qinque,1002,45,45090,,,,,,,,,,,
315,back Cover qinque,1010,20,20200,,,,,,,,,,,
316,Nest qinque,1000,20,20000,,,,,,,,,,,
317,Upper Cover Sohrab Js,203,45,9135,,,,,,,,,,,
318,,,,118425,,,,,,,,,,,
319,Dial Blank Qinque,1300,12,15600,1/28/2013,,,,,,,,,,
320,Upper Cover Window,1008,40,40320,,,,,,,,,,,
321,Back Cover 70,1044,30,31320,,,,,,,,,,,
322,Housing 70 Black,1086,8,8688,,,,,,,,,601055,april,
323,Back Cover 70,519,30,15570,,,,,,,,,,,
324,Housing 70 Black,588,8,4704,,,,,,,,,,,
325,Housing qinque,464,35,16240,,,,,,,,,,,
326,,,,132442,,,,,,,,,,,
327,Upper Cover Window,472,40,18880,1/29/2013,,,,,,,,,,
328,Housing Qinque,540,35,18900,,,,,,,,,,,
329,Back Cover Qinque Replace,540,,0,,,,,,,,,,,
330,,,,37780,,,,,,,,,,,
331,Dial Blank 70,2000,8,16000,2/4/2013,,,,,,,,,,
332,Upper Cover Window,854,40,34160,,,,,,,,,,,
333,Back Cover 70,839,30,25170,,,,,,,,,,,
334,Hoiusing 70 Black,840,8,6720,,,,,,,,,,,
335,,,,82050,,,,,,,,,,,
336,Upper Cover Window,848,40,33920,2/9/2013,,,,,,,,,,
337,Back Cover 70,821,30,24630,,,,,,,,,591957,May,
338,Hoiusing 70 Black,893,8,7144,,,,,,,,,,,
339,,,,65694,,,,,,,,,,,
340,Upper Cover Window,300,40,12000,2/14/2013,,,,,,,,,,
341,Back Cover 70,333,30,9990,,,,,,,,,,,
342,Hoiusing 70 Black,348,8,2784,,,,,,,,,,,
343,Housing Qinque,503,35,17605,,,,,,,,,,,
344,back cover qinque,500,20,10000,,,,,,,,,,,
345,,,,52379,,,,,,,,,,,
346,Upper Cover Window,703,40,28120,2/19/2013,,,,,,,,,,
347,Back Cover 70,1020,30,30600,,,,,,,,,,,
348,Housing 70 Black,1230,8,9840,,,,,,,,,,,
349,,,,68560,,,,,,,,,,,
350,Upper Cover Window,894,40,35760,2/20/2013,,,,,,,,,,
351,Back Cover 70,918,30,27540,,,,,,,,,,,
352,Housing 70 Black,480,8,3840,,,,,,,,,,,
353,,,,67140,,,,,,,,,,,
354,Upper Cover Window,444,40,17760,2/22/2013,,,,,,,,,,
355,Back Cover 70,306,30,9180,,,,,,,,,,,
356,Hoiusing 70 Black,304,8,2432,,,,,,,,,,,
357,,,,29372,,,,,,,,,,,
358,Upper cover qinque ,972,45,43740,2/26/2013,,,,,,,,,,
360,Housing Qinque,914,35,31990,,,,,,,,,,,
361,Nest Qinque,918,20,18360,,,,,,,,,,,
362,Back Cover qinque,935,20,18700,,,,,,,,,,,
363,Upper Cover Window,876,40,35040,,,,,,,,,,,
364,Back Cover 70,408,30,12240,,,,,,,,,,,
365,,,,160070,,,,,,,,,,,
366,Dial Blank 70,1600,8,12800,3/2/2013,,,,,,,,,,
367,Upper Cover Window,1058,40,42320,,,,,,,,,,,
368,Back Cover 70,519,30,15570,,,,,,,,,,,
369,Hoiusing 70 black,540,8,4320,,,,,,,,,,,
370,,,,75010,,,,,,,,,,,
371,Dial Blank ainque,1000,12,12000,3/26/2013,,,,,,,,,,
372,Upper Cover Qinque ,110,45,4950,,,,,,,,,,,
373,Back Cover Qinque,120,20,2400,,,,,,,,,,,
374,Dial Blank Qinque,1000,12,12000,,,,,,,,,,,
375,Upper Cover Qinque ,92,45,4140,,,,,,,,,,,
376,Housing qinque,441,35,15435,,,,,,,,,,,
377,nest Qinque,500,20,10000,,,,,,,,,,,
378,,,,60925,,,,,,,,,,,
379,Dial Blank 70,1500,8,12000,3/29/2013,,,,,,,,,,
380,upper Cover Sohrab Js ,316,45,14220,,,,,,,,,,,
381,Housing Sohrab js,290,35,10150,,,,,,,,,,,
382,back Cover Sohrab js,300,20,6000,,,,,,,,,,,
383,Nest Red,300,20,6000,,,,,,,,,,,
384,Housing qinque,596,35,20860,,,,,,,,,,,
385,Back Cover qinque,1005,20,20100,,,,,,,,,,,
386,nest Qinque,1000,20,20000,,,,,,,,,,,
387,,,,109330,,,,,,,,,,,
388,Upper Cover Qinque ,390,45,17550,3/30/2013,,,,,,,,,,
389,Dial blank qinque,300,12,3600,,,,,,,,,,,
390,,,,21150,,,,,,,,,,,
391,Upper cover Qinque ,672,45,30240,4/1/2013,,,,,,,,,,
392,back Cover qinque,500,20,10000,,,,,,,,,,,
393,Nest Qinque,500,20,10000,,,,,,,,,,,
394,,,,50240,,,,,,,,,,,
395,Upper cover Qinque ,406,45,18270,4/2/2013,,,,,,,,,,
396,Back Cover 70,552,30,16560,,,,,,,,,,,
397,Hoiusing 70 Black,534,8,4272,,,,,,,,,,,
398,Dial Blank 70,600,8,4800,,,,,,,,,,,
399,,,,43902,,,,,,,,,,,
400,Upper cover zxmco,832,40,33280,4/4/2013,,,,,,,,,,
401,Upper Cover Window,434,40,17360,4/6/2013,,,,,,,,,,
402,Housing qinque,224,35,7840,,,,,,,,,,,
403,,,,25200,,,,,,,,,,,
404,Dial Blank 70,950,8,7600,,,,,,,,,,,
405,Back Cover 70,102,30,3060,,,,,,,,,,,
406,Housing 70 Black,447,8,3576,,,,,,,,,,,
407,,,,14236,,,,,,,,,,,
408,Upper Cover Window,282,40,11280,4/15/2013,,,,,,,,,,
409,Back Cover 70,464,30,13920,,,,,,,,,,,
410,Hoiusing 70,360,8,2880,,,,,,,,,,,
411,,,,28080,,,,,,,,,,,
412,Back Cover 70,444,40,17760,4/17/2013,,,,,,,,,,
413,Housing 70,376,8,3008,,,,,,,,,,,
414,Housing Qinque,458,35,16030,,,,,,,,,,,
415,,,,36798,,,,,,,,,,,
416,Dial Blank 70,900,8,7200,4/23/2013,,,,,,,,,,
417,Dial Blank Qinque,560,12,6720,,,,,,,,,,,
418,Upper cover Qinque ,528,45,23760,,,,,,,,,,,
419,Nest Qinque,520,20,10400,,,,,,,,,,,
420,back Cover qinque,1000,20,20000,,,,,,,,,,,
421,Housing Qinque,784,35,27440,,,,,,,,,,,
422,Upper Cover Window,338,40,13520,,,,,,,,,,,
423,,,,109040,,,,,,,,,,,
424,Upper Cover Window,192,40,7680,4/25/2013,,,,,,,,,,
425,Upper Cover qinque ,424,45,19080,,,,,,,,,,,
426,Housing qinque,133,35,4655,,,,,,,,,,,
427,Back Cover 70,592,30,17760,,,,,,,,,,,
428,Housing 70 Black,713,8,5704,,,,,,,,,,,
429,Upper Cover Window,90,,0,,,,,,,,,,,
430,,,,54879,,,,,,,,,,,
431,Upper Cover Window,263,40,10520,4/29/2013,,,,,,,,,,
432,Back Cover 70,570,30,17100,,,,,,,,,,,
433,Housing 70 Black,684,8,5472,,,,,,,,,,,
434,,,,33092,,,,,,,,,,,
435,Dial Blank qinque,840,12,10080,5/2/2013,,,,,,,,,,
436,Dial Blank 70,2500,8,20000,,,,,,,,,,,
437,Dial Blank qinque,160,12,1920,,,,,,,,,,,
438,,,,32000,,,,,,,,,,,
439,Back Cover 70,602,40,24080,5/4/2013,,,,,,,,,,
440,Housing 70 Black,676,8,5408,,,,,,,,,,,
441,,,,29488,,,,,,,,,,,
442,Upper Cover Window,386,40,15440,5/6/2013,,,,,,,,,,
443,Dial Blank 70,1100,8,8800,5/7/2013,,,,,,,,,,
444,Back Cover 70,1029,40,41160,,,,,,,,,,,
445,,,,49960,,,,,,,,,,,
446,Upper Cover Window,376,40,15040,5/8/2013,,,,,,,,,,
447,Housing 70 Black,1030,8,8240,,,,,,,,,,,
448,Upper Cover Window,167,40,6680,,,,,,,,,,,
449,,,,29960,,,,,,,,,,,
450,Upper Cover Window,94,40,3760,5/13/2013,,,,,,,,,,
451,Upper Cover Window,188,40,7520,,,,,,,,,,,
452,Upper Cover Window,188,40,7520,,,,,,,,,,,
453,Upper Cover Window,888,40,35520,,,,,,,,,,,
454,Back Cover 70,675,30,20250,,,,,,,,,,,
455,Housing 70 Black,807,8,6456,,,,,,,,,,,
456,,,,81026,,,,,,,,,,,
457,Upper Cover zxmco,852,40,34080,5/13/2013,,,,,,,,,,
458,Back Cover 70,600,30,18000,,,,,,,,,,,
459,Housing 70 Black,920,8,7360,,,,,,,,,,,
460,,,,59440,,,,,,,,,,,
461,Dial Blank 70,500,8,4000,5/17/2013,,,,,,,,,,
462,Upper cover Window,6,40,240,,,,,,,,,,,
463,Upper cover Window,284,40,11360,,,,,,,,,,,
464,Back Cover 70,426,30,12780,,,,,,,,,,,
465,Housing 70 Black,557,8,4456,,,,,,,,,,,
466,,,,32836,,,,,,,,,,,
467,Upper Cover window,376,40,15040,5/21/2013,,,,,,,,,,
468,back Cover 70,398,30,11940,,,,,,,,,,,
469,,,,26980,,,,,,,,,,,
470,Upper Cover window,553,40,22120,5/22/2013,,,,,,,,,,
471,Upper cover 70 New,233,40,9320,,,,,,,,,,,
472,Back Cover 70,504,30,15120,,,,,,,,,,,
473,Housing 70 Black,507,8,4056,,,,,,,,,,,
474,,,,50616,,,,,,,,,,,
475,Dial Blank 70,1100,8,8800,5/24/2013,,,,,,,,,,
476,Upper Cover 70 New,364,40,14560,,,,,,,,,,,
477,back Cover 70,296,30,8880,,,,,,,,,,,
478,Housing 70 Black,351,8,2808,,,,,,,,,,,
479,,,,35048,,,,,,,,,,,
480,Back Cover 70,586,30,17580,5/27/2013,,,,,,,,,,
481,Dial Blank 70,3000,8,24000,5/28/2013,,,,,,,,,,
482,Upper Cover 70 New,480,40,19200,5/29/2013,,,,,,,,,,
483,Back Cover 70,621,30,18630,,,,,,,,,,,
484,,,,37830,,,,,,,,,,,
485,Back Cover 70,858,40,34320,5/30/2013,,,,,,,,,,
486,Upper cover window,470,40,18800,5/31/2013,,,,,,,,,,
487,Back Cover 70,902,30,27060,,,,,,,,,,,
488,Housing 70 black,930,8,7440,,,,,,,,,,,
489,,,,53300,,,,,,,,,,,
490,Upper cover window,504,40,20160,6/3/2013,,,,,,,,,,
491,Back Cover 70,828,30,24840,,,,,,,,,,,
492,Hoiusing 70 Black,210,8,1680,,,,,,,,,,,
493,,,,46680,,,,,,,,,,,
494,Upper Cover window,490,40,19600,6/1/2013,,,,,,,,,,
495,Back Cover 70,750,30,22500,,,,,,,,,,,
496,Housing 70 black,390,8,3120,,,,,,,,,,,
497,,,,45220,,,,,,,,,,,
498,Dial Blank 70,3000,8,24000,6/3/2013,,,,,,,,,,
499,upper Cover Window,345,40,13800,6/4/2013,,,,,,,,,,
500,back Cover 70,426,30,12780,,,,,,,,,,,
501,Housing 70,420,8,3360,,,,,,,,,,,
502,,,,29940,,,,,,,,,,,
503,upper Cover Window,304,40,12160,6/5/2013,,,,,,,,,,
504,Upper Cover window,392,40,15680,,,,,,,,,,,
505,Back Cover 70,324,30,9720,,,,,,,,,,,
506,Hoiusing 70 Black,1120,8,8960,,,,,,,,,,,
507,,,,46520,,,,,,,,,,,
508,Upper Cover window,547,40,21880,6/6/2013,,,,,,,,,,
509,Back Cover 70,620,30,18600,,,,,,,,,,,
510,Housing 70 Black,560,8,4480,,,,,,,,,,,
511,,,,44960,,,,,,,,,,,
512,upper Cover Window,451,40,18040,6/7/2013,,,,,,,,,,
513,Housing 70 Black,1100,8,8800,,,,,,,,,,,
514,Upper cover Window,83,40,3320,,,,,,,,,,,
515,,,,30160,,,,,,,,,,,
516,Upper Cover window,375,40,15000,6/10/2013,,,,,,,,,,
517,dial Blank 70,2000,8,16000,,,,,,,,,,,
518,Upper Cover window,208,40,8320,,,,,,,,,,,
519,,,,39320,,,,,,,,,,,
520,Upper cover Window,490,40,19600,6/11/2013,,,,,,,,,,
521,Back Cover 70,494,30,14820,,,,,,,,,,,
522,Housing 70 black,612,8,4896,,,,,,,,,,,
523,,,,39316,,,,,,,,,,,
524,Upper cover Window,563,40,22520,6/12/2013,,,,,,,,,,
525,Back Cover 70,766,30,22980,,,,,,,,,,,
526,Housing 70 Black,485,8,3880,,,,,,,,,,,
527,,,,49380,,,,,,,,,,,
528,upper Cover window,170,40,6800,6/13/2013,,,,,,,,,,
529,Upper Cover window,451,40,18040,,,,,,,,,,,
530,Back Cover 70,546,30,16380,,,,,,,,,,,
531,,,,41220,,,,,,,,,,,
532,Dial Blank 70,1000,8,8000,6/15/2013,,,,,,,,,,
533,Dial Blank qinque,300,12,3600,,,,,,,,,,,
534,Upper cover window,376,40,15040,,,,,,,,,,,
535,,,,26640,,,,,,,,,,,
536,Upper Cover window,450,40,18000,6/17/2013,,,,,,,,,,
537,Back Cover 70,498,30,14940,,,,,,,,,,,
538,Housing 70 Black,495,8,3960,,,,,,,,,,,
539,,,,36900,,,,,,,,,,,
540,Upper Cover window,547,40,21880,6/19/2013,,,,,,,,,,
541,Back Cover 70,504,30,15120,,,,,,,,,,,
542,Housing 70 Black,519,8,4152,,,,,,,,,,,
543,,,,41152,,,,,,,,,,,
544,Dial Blank 70,500,8,4000,6/20/2013,,,,,,,,,,
545,Upper Cover window,450,40,18000,,,,,,,,,,,
546,back Cover 70,471,30,14130,,,,,,,,,,,
547,Housing 70,614,8,4912,,,,,,,,,,,
548,Upper Cover Sohrab Js,288,45,12960,,,,,,,,,,,
549,Back cover sohrab js,300,20,6000,,,,,,,,,,,
550,Nest Sohrab js black,300,20,6000,,,,,,,,,,,
551,,,,66002,,,,,,,,,,,
552,Upper Cover window,224,40,8960,6/24/2013,,,,,,,,,,
553,Housing 70 black,980,8,7840,,,,,,,,,,,
554,Dial Blank 70,1000,8,8000,,,,,,,,,,,
555,,,,24800,,,,,,,,,,,
556,Upper Cover window,350,40,14000,6/25/2013,,,,,,,,,,
557,Back Cover 70,496,30,14880,,,,,,,,,,,
558,Housing 70 Black,510,8,4080,,,,,,,,,,,
559,,,,32960,,,,,,,,,,,
560,Back Cover 70,417,30,12510,6/29/2013,,,,,,,,,,
561,Housing 70 Black,544,8,4352,,,,,,,,,,,
562,,,,16862,,,,,,,,,,,
563,Dial Blank 70,2500,8,20000,7/1/2013,,,,,,,,,,
564,upper Cover Window,839,40,33560,,,,,,,,,,,
565,Hoiusing 70 Black,492,8,3936,,,,,,,,,,,
566,,,,57496,,,,,,,,,,,
567,Upper Cover window,808,40,32320,7/3/2013,,,,,,,,,,
568,Back Cover 70,791,30,23730,,,,,,,,,,,
569,Housing 70 Black,765,8,6120,,,,,,,,,,,
570,,,,62170,,,,,,,,,,,
571,Cover set unique,5,78,390,7/4/2013,,,,,,,,,,
572,Dial Blank 70,2000,8,16000,,,,,,,,,,,
573,,,,16390,,,,,,,,,,,
574,Upper Cover window,958,40,38320,7/5/2013,,,,,,,,,,
575,Back Cover 70,333,30,9990,,,,,,,,,,,
576,Housing 70 Black,588,8,4704,,,,,,,,,,,
577,,,,53014,,,,,,,,,,,
578,Back Cover 70,408,30,12240,7/6/2013,,,,,,,,,,
579,Hoiusing 70 Black,405,8,3240,,,,,,,,,,,
580,,,,15480,,,,,,,,,,,
581,Upper Cover Window,316,40,12640,7/9/2013,,,,,,,,,,
582,Upper cover Window,565,40,22600,,,,,,,,,,,
583,Back Cover 70,585,30,17550,,,,,,,,,,,
584,,,,52790,,,,,,,,,,,
585,Upper Cover window,729,40,29160,7/10/2013,,,,,,,,,,
586,Back Cover 70,748,30,22440,,,,,,,,,,,
587,Housing 70 Black,520,8,4160,,,,,,,,,,,
588,,,,55760,,,,,,,,,,,
589,Upper Cover window,813,40,32520,7/11/2013,,,,,,,,,,
590,Back Cover 70,666,30,19980,,,,,,,,,,,
591,Housing 70 Black,628,8,5024,,,,,,,,,,,
592,Dial Blank 70,1000,8,8000,,,,,,,,,,,
593,,,,65524,,,,,,,,,,,
594,Upper Cover Zxmco,323,40,12920,7/13/2013,,,,,,,,,,
595,Upper Cover window,161,40,6440,,,,,,,,,,,
596,back Cover 70,606,30,18180,,,,,,,,,,,
597,,,,37540,,,,,,,,,,,
598,Back Cover 70,482,30,14460,7/15/2013,,,,,,,,,,
599,Housing 70,363,8,2904,,,,,,,,,,,
600,,,,17364,,,,,,,,,,,
601,upper Cover window,478,40,19120,7/16/2013,,,,,,,,,,
602,Back Cover 70,510,30,15300,,,,,,,,,,,
603,Housing 70,528,8,4224,,,,,,,,,,,
604,,,,38644,,,,,,,,,,,
605,upper Cover window,437,40,17480,7/17/2013,,,,,,,,,,
606,Back Cover 70,612,30,18360,,,,,,,,,,,
607,Housing 70 black,540,8,4320,,,,,,,,,,,
608,,,,40160,,,,,,,,,,,
609,Dial Blank 70,1000,8,8000,7/19/2013,,,,,,,,,,
610,upper Cover window,470,40,18800,,,,,,,,,,,
611,Back Cover 70,573,30,17190,,,,,,,,,,,
612,Housing 70 black,531,8,4248,,,,,,,,,,,
613,,,,48238,,,,,,,,,,,
614,Dial Blank 70,2000,8,16000,7/22/2013,,,,,,,,,,
615,upper Cover window,574,40,22960,,,,,,,,,,,
616,Back Cover 70,606,30,18180,,,,,,,,,,,
617,Housing 70 black,180,8,1440,,,,,,,,,,,
618,,,,58580,,,,,,,,,,,
619,dial blank qinque,2000,12,24000,7/26/2013,,,,,,,,,,
620,upper Cover Window,292,40,11680,,,,,,,,,,,
621,Back Cover 70,306,30,9180,,,,,,,,,,,
622,Housing 70 Black,640,8,5120,,,,,,,,,,,
623,Housing Qinque,490,35,17150,,,,,,,,,,,
624,,,,67130,,,,,,,,,,,
625,Upper Cover window,264,40,10560,7/27/2013,,,,,,,,,,
626,back Cover 70,222,30,6660,,,,,,,,,,,
627,Upper Cover Qinque ,463,45,20835,,,,,,,,,,,
628,housing qinque,240,35,8400,,,,,,,,,,,
629,Back Cover Qinque,230,20,4600,,,,,,,,,,,
630,Nest Qinque,680,20,13600,,,,,,,,,,,
631,,,,64655,,,,,,,,,,,
632,Housing 70 Black,242,8,1936,7/29/2013,,,,,,,,,,
633,Upper Cover window,282,40,11280,,,,,,,,,,,
634,Upper cover qinque ,422,45,18990,,,,,,,,,,,
635,Housing Qinque,618,35,21630,,,,,,,,,,,
636,,,,53836,,,,,,,,,,,
637,Dial Blank 70,2500,8,20000,7/30/2013,,,,,,,,,,
638,Back cover Qinque,300,20,6000,,,,,,,,,,,
639,,,,26000,,,,,,,,,,,
640,back Cover Qinque,200,20,4000,7/31/2013,,,,,,,,,,
641,Housing 70 black,140,8,1120,,,,,,,,,,,
642,upper Cover Window,390,40,15600,,,,,,,,,,,
643,Back Cover 70,408,30,12240,,,,,,,,,,,
644,Housing 70 black,75,8,600,,,,,,,,,,,
645,,,,33560,,,,,,,,,,,
646,upper Cover Window,376,40,15040,8/1/2013,,,,,,,,,,
647,Back Cover 70,510,30,15300,,,,,,,,,,,
648,Housing 70 black,589,8,4712,,,,,,,,,,,
649,Upper Cover Qinque ,132,45,5940,,,,,,,,,,,
650,back Cover qinque,220,20,4400,,,,,,,,,,,
651,Nest Qinque,200,20,4000,,,,,,,,,,,
652,,,,49392,,,,,,,,,,,
653,upper Cover Window,400,40,16000,8/3/2013,,,,,,,,,,
654,Back Cover 70,583,30,17490,,,,,,,,,,,
655,Housing 70 ,510,8,4080,,,,,,,,,,,
656,,,,37570,,,,,,,,,,,
657,Upper Cover qinque ,788,45,35460,8/4/2013,,,,,,,,,,
658,Housing qinque,801,35,28035,,,,,,,,,,,
659,,,,63495,,,,,,,,,,,
660,Housing 70 black,608,8,4864,8/5/2013,,,,,,,,,,
661,Dial Blank 70,4000,8,32000,,,,,,,,,,,
662,,,,36864,,,,,,,,,,,
663,Upper Cover window,376,40,15040,8/6/2013,,,,,,,,,,
664,back Cover 70,825,30,24750,,,,,,,,,,,
665,Housing 70 black,644,8,5152,,,,,,,,,,,
666,,,,39790,,,,,,,,,,,
667,Back Cover 70,612,30,18360,8/15/2013,,,,,,,,,,
668,Housing 70,590,8,4720,,,,,,,,,,,
669,,,,23080,,,,,,,,,,,
670,Upper cover Window,657,40,26280,8/16/2013,,,,,,,,,,
671,upper Cover 70,481,40,19240,,,,,,,,,,,
672,back Cover 70,604,30,18120,,,,,,,,,,,
673,Housing 70 black,360,8,2880,,,,,,,,,,,
674,,,,66520,,,,,,,,,,,
675,Back cover Qinque,300,20,6000,8/17/2013,,,,,,,,,,
676,Upper Cover window,477,40,19080,,,,,,,,,,,
677,back Cover 70,650,30,19500,,,,,,,,,,,
678,Housing 70 black,280,8,2240,,,,,,,,,,,
679,,,,46820,,,,,,,,,,,
680,Upper Cover window,802,40,32080,8/19/2013,,,,,,,,,,
681,back Cover 70,775,30,23250,,,,,,,,,,,
682,Housing 70 black,616,8,4928,,,,,,,,,,,
683,,,,60258,,,,,,,,,,,
684,Back Cover Qinque ,200,20,4000,8/20/2013,,,,,,,,,,
685,Upper Cover Qinque ,38,45,1710,,,,,,,,,,,
686,Nest Qinque,100,20,2000,,,,,,,,,,,
687,Upper Cover Window,472,36,16992,,,,,,,,,,,
688,Back Cover 70,378,30,11340,,,,,,,,,,,
689,Housing 70 Black,318,8,2544,,,,,,,,,,,
690,Upper Cover qinque ,350,45,15750,,,,,,,,,,,
691,Back Cover Qinque,200,20,4000,,,,,,,,,,,
692,Nest Qinque,260,20,5200,,,,,,,,,,,
693,,,,63536,,,,,,,,,,,
694,Dial blank qinque,2000,12,24000,8/28/2013,,,,,,,,,,
695,Dial Blank 70,2000,8,16000,,,,,,,,,,,
696,back Cover 70,606,30,18180,,,,,,,,,,,
697,Housing 70 black,640,8,5120,,,,,,,,,,,
698,Back cover qinque,500,20,10000,,,,,,,,,,,
699,nest Qinque,1080,20,21600,,,,,,,,,,,
700,Housing qinque,203,35,7105,,,,,,,,,,,
701,,,,102005,,,,,,,,,,,
702,Upper Cover qinque ,216,45,9720,8/30/2013,,,,,,,,,,
703,upper Cover Zxmco,527,36,18972,,,,,,,,,,,
704,Back Cover 70,510,30,15300,,,,,,,,,,,
705,Housing 70 black,630,8,5040,,,,,,,,,,,
706,,,,49032,,,,,,,,,,,
707,upper Cover 70 new,666,36,23976,9/2/2013,,,,,,,,,,
708,Upper Cover zxmco,511,36,18396,,,,,,,,,,,
709,Back Cover 70,870,30,26100,,,,,,,,,,,
710,Housing 70 black,880,8,7040,,,,,,,,,,,
711,,,,75512,,,,,,,,,,,
712,Dial Blank 70,3000,8,24000,9/5/2013,,,,,,,,,,
713,Upper cover window,332,36,11952,,,,,,,,,,,
714,Housing 70 black,174,8,1392,,,,,,,,,,,
715,Upper cover Qinque ,300,45,13500,,,,,,,,,,,
716,Back Cover qinque,1000,20,20000,,,,,,,,,,,
717,Nest Qinque,680,20,13600,,,,,,,,,,,
718,,,,84444,,,,,,,,,,,
719,upper cover qinque ,692,45,31140,9/6/2013,,,,,,,,,,
720,Housing qinque,500,35,17500,,,,,,,,,,,
721,,,,48640,,,,,,,,,,,
722,upper cover qinque ,684,45,30780,9/7/2013,,,,,,,,,,
723,Housing qinque,784,35,27440,,,,,,,,,,,
724,,,,58220,,,,,,,,,,,
725,Upper Cover 70,507,36,18252,9/9/2013,,,,,,,,,,
726,Housing 70 black,680,8,5440,,,,,,,,,,,
727,Back cover qinque,300,20,6000,,,,,,,,,,,
728,Nest Qinque,310,20,6200,,,,,,,,,,,
729,Housing qinque,314,35,10990,,,,,,,,,,,
730,,,,46882,,,,,,,,,,,
731,Upper Cover sohrab Js,312,45,14040,9/10/2013,,,,,,,,,,
732,upper Cover 70,159,36,5724,,,,,,,,,,,
733,,,,19764,,,,,,,,,,,
734,upper cover window,711,36,25596,9/13/2013,,,,,,,,,,
735,upper cover window,649,36,23364,9/16/2013,,,,,,,,,,
736,Back Cover 70,844,30,25320,,,,,,,,,,,
737,Housing 70 Black,460,8,3680,,,,,,,,,,,
738,,,,52364,,,,,,,,,,,
739,upper cover window,531,36,19116,9/20/2013,,,,,,,,,,
740,Back Cover 70,534,30,16020,,,,,,,,,,,
741,Housing 70 Black,705,8,5640,,,,,,,,,,,
742,,,,40776,,,,,,,,,,,
743,Back Cover 70,750,30,22500,9/21/2013,,,,,,,,,,
744,Housing 70 Black,280,8,2240,,,,,,,,,,,
745,,,,24740,,,,,,,,,,,
746,Dial Blank 70,2500,8,20000,9/23/2013,,,,,,,,,,
747,upper cover window,687,36,24732,,,,,,,,,,,
748,Back Cover 70,446,30,13380,,,,,,,,,,,
749,Housing 70 Black,140,8,1120,,,,,,,,,,,
750,,,,59232,,,,,,,,,,,
751,dial Blank qinque,2000,12,24000,9/24/2013,,,,,,,,,,
752,upper cover window,687,36,24732,,,,,,,,,,,
753,Back Cover 70,462,30,13860,,,,,,,,,,,
754,Housing 70 Black,1056,8,8448,,,,,,,,,,,
755,,,,71040,,,,,,,,,,,
756,upper cover window,516,36,18576,10/1/2013,,,,,,,,,,
757,Back Cover 70,512,30,15360,,,,,,,,,,,
758,Housing 70 Black,645,8,5160,,,,,,,,,,,
759,Housing qinque,84,35,2940,,,,,,,,,,,
760,back Cover qinque,900,20,18000,,,,,,,,,,,
761,Nest Qinque,982,20,19640,,,,,,,,,,,
762,,,,79676,,,,,,,,,,,
763,upper cover qinque ,528,45,23760,10/3/2013,,,,,,,,,,
764,Upper Cover 70 New,504,36,18144,,,,,,,,,,,
765,Upper cover zxmco,538,36,19368,,,,,,,,,,,
766,Housing 70 Black,1395,8,11160,,,,,,,,,,,
767,,,,72432,,,,,,,,,,,
768,Dial Blank 70,3000,8,24000,10/4/2013,,,,,,,,,,
769,Upper Cover Window,493,36,17748,,,,,,,,,,,
770,Back Cover 70,585,30,17550,,,,,,,,,,,
771,Housing 70 Black,555,8,4440,,,,,,,,,,,
772,,,,63738,,,,,,,,,,,
773,Upper Cover Window,475,36,17100,10/7/2013,,,,,,,,,,
774,Back Cover 70,510,30,15300,,,,,,,,,,,
775,Housing 70 Black,540,8,4320,,,,,,,,,,,
776,,,,36720,,,,,,,,,,,
777,Back Cover 70,546,30,16380,10/8/2013,,,,,,,,,,
778,Housing 70 Black,560,8,4480,,,,,,,,,,,
779,housing qinque,560,35,19600,,,,,,,,,,,
780,back cover Qinque,200,20,4000,,,,,,,,,,,
781,nest Qinque,200,20,4000,,,,,,,,,,,
782,,,,48460,,,,,,,,,,,
783,upper Cover sohrab Js,300,45,13500,10/10/2013,,,,,,,,,,
784,Upper Cover Window,170,36,6120,,,,,,,,,,,
785,Back Cover 70,555,30,16650,,,,,,,,,,,
786,Housing 70 Black,570,8,4560,,,,,,,,,,,
787,housing qinque,603,33,19899,,,,,,,,,,,
788,,,,60729,,,,,,,,,,,
789,Upper cover qinque ,510,45,22950,10/11/2013,,,,,,,,,,
790,Upper Cover Window,336,36,12096,,,,,,,,,,,
791,Back Cover 70,435,30,13050,,,,,,,,,,,
792,Housing 70 Black,540,8,4320,,,,,,,,,,,
793,,,,52416,,,,,,,,,,,
794,Upper Cover Window,561,36,20196,10/12/2013,,,,,,,,,,
795,Back Cover 70,350,30,10500,,,,,,,,,,,
796,Housing 70 Black,360,8,2880,,,,,,,,,,,
797,,,,33576,,,,,,,,,,,
798,upper Cover zxmco,814,36,29304,10/14/2013,,,,,,,,,,
799,Upper Cover Window,282,36,10152,10/23/2013,,,,,,,,,,
800,Upper Cover 70 New,148,36,5328,,,,,,,,,,,
801,Back Cover 70,525,30,15750,,,,,,,,,,,
802,Housing 70,900,8,7200,,,,,,,,,,,
803,,,,38430,,,,,,,,,,,
804,Dial Blank 70,2000,8,16000,10/23/2013,,,,,,,,,,
805,Upper Cover 70 New,376,36,13536,10/24/2013,,,,,,,,,,
806,Back Cover 70,570,30,17100,,,,,,,,,,,
807,Housing 70,564,8,4512,,,,,,,,,,,
808,,,,35148,,,,,,,,,,,
809,Upper Cover Window,705,36,25380,10/25/2013,,,,,,,,,,
810,back Cover qinque,1000,20,20000,,,,,,,,,,,
811,Housing qinque,1008,35,35280,,,,,,,,,,,
812,Nest Qinque,1020,20,20400,,,,,,,,,,,
813,,,,101060,,,,,,,,,,,
814,Upper Cover Window,526,36,18936,10/28/2013,,,,,,,,,,
815,Back Cover 70,204,30,6120,,,,,,,,,,,
816,Housing 70 Black,420,8,3360,,,,,,,,,,,
817,Housing Qinque,428,35,14980,,,,,,,,,,,
818,back Cover Qinque,510,20,10200,,,,,,,,,,,
819,Nest Qinque,500,20,10000,,,,,,,,,,,
820,,,,63596,,,,,,,,,,,
821,Dial Blank 70,2500,8,20000,10/30/2013,,,,,,,,,,
822,Upper Cover qinque ,1020,45,45900,,,,,,,,,,,
823,Upper Cover Window,246,36,8856,,,,,,,,,,,
824,,,,74756,,,,,,,,,,,
825,Upper Cover Window,510,36,18360,11/2/2013,,,,,,,,,,
826,Back Cover 70,877,30,26310,,,,,,,,,,,
827,Housing 70 Black,890,8,7120,,,,,,,,,,,
828,Upper Cover Qinque ,360,45,16200,,,,,,,,,,,
829,,,,67990,,,,,,,,,,,
830,dial Blank qinque,500,12,6000,10/31/2013,,,,,,,,,,
831,Upper Cover Window,334,36,12024,11/5/2013,,,,,,,,,,
832,Upper Cover Window,337,36,12132,,,,,,,,,,,
833,Back Cover 70,265,30,7950,,,,,,,,,,,
834,Housing 70 Black,1332,8,10656,,,,,,,,,,,
835,Dial Blank 70,5000,8,40000,,,,,,,,,,,
836,,,,82762,,,,,,,,,,,
837,Upper Cover Window,552,36,19872,11/7/2013,,,,,,,,,,
838,Back Cover 70,459,30,13770,,,,,,,,,,,
839,Housing 70 Black,540,8,4320,,,,,,,,,,,
840,,,,37962,,,,,,,,,,,
841,Upper Cover Window,271,36,9756,11/9/2013,,,,,,,,,,
842,Upper Cover Window,592,36,21312,,,,,,,,,,,
843,Back Cover 70,628,30,18840,,,,,,,,,,,
844,Housing 70 Black,515,8,4120,,,,,,,,,,,
845,,,,54028,,,,,,,,,,,
846,Upper Cover Window,704,36,25344,11/11/2013,,,,,,,,,,
847,Back Cover 70,385,30,11550,,,,,,,,,,,
848,Housing 70 Black,320,8,2560,,,,,,,,,,,
849,,,,39454,,,,,,,,,,,
850,Upper Cover Window,592,36,21312,11/18/2013,,,,,,,,,,
851,Back Cover 70,594,30,17820,,,,,,,,,,,
852,Housing 70 Black,585,8,4680,,,,,,,,,,,
853,,,,43812,,,,,,,,,,,
854,Upper Cover Window,672,36,24192,11/20/2013,,,,,,,,,,
855,Back Cover 70,686,30,20580,,,,,,,,,,,
856,Housing 70 Black,630,8,5040,,,,,,,,,,,
857,Dial Blank qinque,1500,12,18000,,,,,,,,,,,
858,,,,67812,,,,,,,,,,,
859,Upper Cover Window,840,36,30240,11/22/2013,,,,,,,,,,
860,Housing 70 Black,640,8,5120,,,,,,,,,,,
861,,,,35360,,,,,,,,,,,
862,Upper Cover Window,452,36,16272,11/23/2013,,,,,,,,,,
863,Back Cover 70,582,30,17460,,,,,,,,,,,
864,Housing 70 Black,520,8,4160,,,,,,,,,,,
865,,,,37892,,,,,,,,,,,
866,Upper Cover Qinque ,548,45,24660,11/25/2013,,,,,,,,,,
867,back Cover Qinque,540,20,10800,,,,,,,,,,,
868,Housing Qinque,552,35,19320,,,,,,,,,,,
869,Nest Qinque,500,20,10000,,,,,,,,,,,
870,,,,64780,,,,,,,,,,,
871,Upper Cover Zxmco,365,36,13140,11/28/2013,,,,,,,,,,
872,Back Cover 70,693,30,20790,,,,,,,,,,,
873,Upper Cover Qinque ,534,45,24030,,,,,,,,,,,
874,back Cover Qinque,300,20,6000,,,,,,,,,,,
875,Housing Qinque,556,35,19460,,,,,,,,,,,
876,Nest Qinque,190,20,3800,,,,,,,,,,,
877,,,,87220,,,,,,,,,,,
878,Dial Blank 70,5000,8,40000,11/29/2013,,,,,,,,,,
879,Upper Cover Window,766,36,27576,,,,,,,,,,,
880,Back Cover 70,653,30,19590,,,,,,,,,,,
881,Housing 70,530,8,4240,,,,,,,,,,,
882,,,,91406,,,,,,,,,,,
883,Upper Cover sohrab Jick,323,45,14535,12/2/2013,,,,,,,,,,
884,housing Qinque,416,35,14560,,,,,,,,,,,
885,Back Cover sohrab js,310,20,6200,,,,,,,,,,,
886,Nest Qinque,250,20,5000,,,,,,,,,,,
887,Back Cover 70,729,30,21870,,,,,,,,,,,
888,Housing 70 Black,464,8,3712,,,,,,,,,,,
889,,,,65877,,,,,,,,,,,
890,Upper Cover Window,228,36,8208,12/4/2013,,,,,,,,,,
891,Back Cover 70,582,30,17460,,,,,,,,,,,
892,Housing 70,500,8,4000,,,,,,,,,,,
893,,,,29668,,,,,,,,,,,
894,Upper Cover Window,226,36,8136,12/5/2013,,,,,,,,,,
895,Back Cover 70,555,30,16650,,,,,,,,,,,
896,Housing 70,508,8,4064,,,,,,,,,,,
897,,,,28850,,,,,,,,,,,
898,Upper Cover Window,573,36,20628,11/6/2013,,,,,,,,,,
899,Back Cover 70,663,30,19890,,,,,,,,,,,
900,Housing 70,632,8,5056,,,,,,,,,,,
901,,,,45574,,,,,,,,,,,
902,Upper Cover Window,401,36,14436,12/9/2013,,,,,,,,,,
903,Upper Cover zxmco,332,36,11952,,,,,,,,,,,
904,Back Cover 70,606,30,18180,,,,,,,,,,,
905,Housing 70,660,8,5280,,,,,,,,,,,
906,,,,49848,,,,,,,,,,,
907,Upper Cover Window,421,36,15156,12/11/2013,,,,,,,,,,
908,Upper Cover zxmco,515,36,18540,,,,,,,,,,,
909,Back Cover 70,933,30,27990,,,,,,,,,,,
910,Housing 70,1014,8,8112,,,,,,,,,,,
911,,,,69798,,,,,,,,,,,
912,Upper Cover 70 New,759,36,27324,12/13/2013,,,,,,,,,,
913,Upper Cover Window,644,36,23184,,,,,,,,,,,
914,Back Cover 70,756,30,22680,,,,,,,,,,,
915,Housing 70 Black,765,8,6120,,,,,,,,,,,
916,,,,79308,,,,,,,,,,,
917,Upper Cover Window,820,36,29520,12/20/2013,,,,,,,,,,
918,Back Cover 70,653,30,19590,,,,,,,,,,,
919,Housing 70 Black,837,8,6696,,,,,,,,,,,
920,,,,55806,,,,,,,,,,,
921,Upper Cover Window,531,36,19116,12/24/2013,,,,,,,,,,
922,Back Cover 70,552,30,16560,,,,,,,,,,,
923,Housing 70 Black,612,8,4896,,,,,,,,,,,
924,,,,40572,,,,,,,,,,,
925,Dial Blank 70,5000,8,40000,12/26/2013,,,,,,,,,,
926,Dial Blank Qinque,1000,12,12000,,,,,,,,,,,
927,Upper cover Qinque ,498,45,22410,,,,,,,,,,,
928,Back cover Qinque,500,20,10000,,,,,,,,,,,
929,Housing Qinque,500,35,17500,,,,,,,,,,,
930,Nest Qinque,500,20,10000,,,,,,,,,,,
931,,,,111910,,,,,,,,,,,
932,Upper cover Qinque ,552,45,24840,12/30/2013,,,,,,,,,,
933,Back cover Qinque,620,20,12400,,,,,,,,,,,
934,Housing Qinque,628,35,21980,,,,,,,,,,,
935,Nest Qinque,540,20,10800,,,,,,,,,,,
936,Upper Cover Window,728,36,26208,,,,,,,,,,,
937,Back Cover 70,798,30,23940,,,,,,,,,,,
938,Housing 70 Black,785,8,6280,,,,,,,,,,,
939,,,,126448,,,,,,,,,,,
940,Upper Cover Window,590,36,21240,1/1/2014,,,,,,,,,,
941,Back Cover 70,204,30,6120,,,,,,,,,,,
942,Housing 70,707,8,5656,,,,,,,,,,,
943,,,,33016,,,,,,,,,,,
944,Upper Cover Window,601,36,21636,1/3/2014,,,,,,,,,,
945,Back Cover 70,1014,30,30420,,,,,,,,,,,
946,Housing 70,540,8,4320,,,,,,,,,,,
947,,,,56376,,,,,,,,,,,
948,Upper Cover Window,534,36,19224,1/7/2014,,,,,,,,,,
949,Upper Cover 70 New,504,36,18144,,,,,,,,,,,
950,Back Cover 70,798,30,23940,,,,,,,,,,,
951,Housing 70 Black,884,8,7072,,,,,,,,,,,
952,,,,68380,,,,,,,,,,,
953,Upper Cover Window,804,36,28944,1/9/2014,,,,,,,,,,
954,Back Cover 70,1287,30,38610,,,,,,,,,,,
955,Housing 70 Black,783,8,6264,,,,,,,,,,,
956,,,,73818,,,,,,,,,,,
957,Upper Cover Window,1033,36,37188,1/10/2014,,,,,,,,,,
958,Back Cover 70,1008,30,30240,,,,,,,,,,,
959,Housing 70 Black,1004,8,8032,,,,,,,,,,,
960,,,,75460,,,,,,,,,,,
961,Dial Blank Qinque,1000,12,12000,1/13/2014,,,,,,,,,,
962,Dial Blank 70,3000,8,24000,,,,,,,,,,,
963,Upper Cover Window,564,36,20304,,,,,,,,,,,
964,Back Cover 70,756,30,22680,,,,,,,,,,,
965,Housing 70 Black,696,8,5568,,,,,,,,,,,
966,,,,84552,,,,,,,,,,,
967,upper Cover Qinque ,822,45,36990,1/16/2014,,,,,,,,,,
968,Upper Cover Window,511,36,18396,,,,,,,,,,,
969,Upper Cover Window,320,36,11520,,,,,,,,,,,
970,Upper Cover Window,337,36,12132,,,,,,,,,,,
971,Back Cover 70,1212,30,36360,,,,,,,,,,,
972,Housing 70 Black,1197,8,9576,,,,,,,,,,,
973,,,,124974,,,,,,,,,,,
974,Upper cover Sohrab Leader,415,45,18675,1/17/2014,,,,,,,,,,
975,Back Cover qinque,750,20,15000,,,,,,,,,,,
976,Nest Qinque,730,20,14600,,,,,,,,,,,
977,,,,48275,,,,,,,,,,,
978,Upper Cover Window,459,36,16524,1/23/2014,,,,,,,,,,
979,Back Cover 70,344,30,10320,,,,,,,,,,,
980,Housing 70 Black,350,8,2800,,,,,,,,,,,
981,,,,29644,,,,,,,,,,,
982,Upper Cover Window,560,36,20160,1/24/2014,,,,,,,,,,
983,Upper Cover Unique,5,36,180,,,,,,,,,,,
984,Back Cover 70,315,30,9450,,,,,,,,,,,
985,Housing 70 Black,354,8,2832,,,,,,,,,,,
986,,,,32622,,,,,,,,,,,
987,Upper Cover Qinque ,334,45,15030,1/27/2014,,,,,,,,,,
988,back Cover qinque,1010,20,20200,,,,,,,,,,,
989,Housing qinque,1005,35,35175,,,,,,,,,,,
990,Nest Qinque,1022,20,20440,,,,,,,,,,,
991,,,,90845,,,,,,,,,,,
992,dial blank Qinque,1000,12,12000,1/27/2014,,,,,,,,,,
993,dial blank Sohrab js,5000,8,40000,,,,,,,,,,,
994,Upper Cover Window,647,36,23292,,,,,,,,,,,
995,Back Cover 70,333,30,9990,,,,,,,,,,,
996,Housing 70 Black,360,8,2880,,,,,,,,,,,
997,,,,88162,,,,,,,,,,,
998,Upper Cover Window,576,36,20736,1/30/2014,,,,,,,,,,
999,Upper Cover Window,524,36,18864,1/31/2014,,,,,,,,,,
1000,Back Cover 70,600,30,18000,,,,,,,,,,,
1001,Housing 70 Black,603,8,4824,,,,,,,,,,,
1002,,,,41688,,,,,,,,,,,
1003,Upper Cover Window,629,36,22644,2/1/2014,,,,,,,,,,
1004,Back Cover 70,897,30,26910,,,,,,,,,,,
1005,Housing 70 Black,826,8,6608,,,,,,,,,,,
1006,,,,56162,,,,,,,,,,,
1007,Upper Cover Window,544,36,19584,2/3/2014,,,,,,,,,,
1008,Back Cover 70,580,30,17400,,,,,,,,,,,
1009,Housing 70 Black,671,8,5368,,,,,,,,,,,
1010,,,,42352,,,,,,,,,,,
1011,Upper Cover Qinque ,411,45,18495,2/5/2014,,,,,,,,,,
1012,Upper Cover qinque ,751,45,33795,2/6/2014,,,,,,,,,,
1013,Upper Cover Window,610,36,21960,2/8/2014,,,,,,,,,,
1014,Back Cover 70,535,30,16050,,,,,,,,,,,
1015,Housing 70 Black,666,8,5328,,,,,,,,,,,
1016,,,,43338,,,,,,,,,,,
1017,Upper Cover Window,1017,36,36612,2/11/2014,,,,,,,,,,
1018,Housing 70,708,8,5664,,,,,,,,,,,
1019,Housing Qinque,532,35,18620,,,,,,,,,,,
1020,back Cover Qinque,540,20,10800,,,,,,,,,,,
1021,Nest Qinque,560,20,11200,,,,,,,,,,,
1022,Dial blank Qinque,1000,12,12000,,,,,,,,,,,
1023,,,,94896,,,,,,,,,,,
1024,Back Cover 70,1260,30,37800,2/13/2014,,,,,,,,,,
1025,Housing 70 Black,924,8,7392,,,,,,,,,,,
1026,Upper Cover Window,564,36,20304,,,,,,,,,,,
1027,,,,65496,,,,,,,,,,,
1028,Upper Cover Unique,262,36,9432,2/17/2014,,,,,,,,,,
1029,Upper Cover Window,502,36,18072,,,,,,,,,,,
1030,Upper Cover Qinque ,503,45,22635,,,,,,,,,,,
1031,Back Cover 70,639,30,19170,,,,,,,,,,,
1032,Housing 70 Black,531,8,4248,,,,,,,,,,,
1033,,,,73557,,,,,,,,,,,
1034,Dial Blank 70,1000,8,8000,2/21/2014,,,,,,,,,,
1035,Dial Blank 70,5000,8,40000,,,,,,,,,,,
1036,Upper Cover Window,995,36,35820,,,,,,,,,,,
1037,Back Cover 70,1116,30,33480,,,,,,,,,,,
1038,Housing 70 Black,798,8,6384,,,,,,,,,,,
1039,,,,123684,,,,,,,,,,,
1040,Upper Cover Window,814,36,29304,2/22/2014,,,,,,,,,,
1041,Back Cover 70,1024,30,30720,,,,,,,,,,,
1042,Housing 70 Black,531,8,4248,,,,,,,,,,,
1043,,,,64272,,,,,,,,,,,
1044,Housing qinque,1003,35,35105,2/26/2014,,,,,,,,,,
1045,back Cover qinque,1040,20,20800,,,,,,,,,,,
1046,nest Qinque,1060,20,21200,,,,,,,,,,,
1047,,,,77105,,,,,,,,,,,
1048,Upper Cover Qinque ,540,45,24300,2/27/2014,,,,,,,,,,
1049,housing Qinque,498,35,17430,,,,,,,,,,,
1050,Back Cover Qinque,294,20,5880,,,,,,,,,,,
1051,Nest Qinque,460,20,9200,,,,,,,,,,,
1052,,,,56810,,,,,,,,,,,
1053,Upper Cover 70 New,535,36,19260,2/28/2014,,,,,,,,,,
1054,Upper Cover Window,468,36,16848,,,,,,,,,,,
1055,Back Cover 70,1056,30,31680,,,,,,,,,,,
1056,Housing 70 Black,960,8,7680,,,,,,,,,,,
1057,,,,75468,,,,,,,,,,,
1058,upper cover qinque ,600,45,27000,3/3/2014,,,,,,,,,,
1059,Upper Cover Window,540,36,19440,,,,,,,,,,,
1060,Back Cover 70,639,30,19170,,,,,,,,,,,
1061,Housing 70,600,8,4800,,,,,,,,,,,
1062,dial blank qinque,760,12,9120,,,,,,,,,,,
1063,,,,79530,,,,,,,,,,,
1064,Upper Cover Window,546,36,19656,3/4/2014,,,,,,,,,,
1065,Back Cover 70,1095,30,32850,,,,,,,,,,,
1066,Housing 70 Black,975,8,7800,,,,,,,,,,,
1067,,,,60306,,,,,,,,,,,
1068,Dial blank qinque,520,12,6240,3/11/2014,,,,,,,,,,
1069,Upper Cover Window,836,36,30096,,,,,,,,,,,
1070,Back Cover 70,900,30,27000,,,,,,,,,,,
1071,Housing 70 Black,843,8,6744,,,,,,,,,,,
1072,upper cover leader,214,45,9630,,,,,,,,,,,
1073,,,,79710,,,,,,,,,,,
1074,Upper Cover Window,1036,36,37296,3/12/2014,,,,,,,,,,
1075,Upper Cover Unique,188,36,6768,,,,,,,,,,,
1076,Back Cover 70,888,30,26640,,,,,,,,,,,
1077,Housing 70 Black,879,8,7032,,,,,,,,,,,
1078,,,,77736,,,,,,,,,,,
1079,upper cover qinque ,367,45,16515,3/17/2014,,,,,,,,,,
1080,Housing qinque,336,35,11760,,,,,,,,,,,
1081,Upper Cover Window,640,36,23040,,,,,,,,,,,
1082,Back Cover 70,586,30,17580,,,,,,,,,,,
1083,Housing 70 Black,672,8,5376,,,,,,,,,,,
1084,,,,74271,,,,,,,,,,,
1085,Upper Cover Window,826,36,29736,3/19/2014,,,,,,,,,,
1086,Back Cover 70,891,30,26730,,,,,,,,,,,
1087,Housing 70 Black,906,8,7248,,,,,,,,,,,
1088,,,,63714,,,,,,,,,,,
1089,Upper Cover Window,996,36,35856,3/20/2014,,,,,,,,,,
1090,Back Cover 70,975,30,29250,,,,,,,,,,,
1091,Housing 70 Black,1044,8,8352,,,,,,,,,,,
1092,,,,73458,,,,,,,,,,,
1093,upper cover qinque ,1008,45,45360,3/29/2014,,,,,,,,,,
1094,Back cover qinque,1040,20,20800,,,,,,,,,,,
1095,Housing qinque,1003,35,35105,,,,,,,,,,,
1096,Nest qinque,1100,20,22000,,,,,,,,,,,
1097,,,,123265,,,,,,,,,,,
1098,Upper Cover Window,1010,36,36360,4/1/2014,,,,,,,,,,
1099,Back Cover 70,1036,30,31080,,,,,,,,,,,
1100,Housing 70 Black,1092,8,8736,,,,,,,,,,,
1101,,,,76176,,,,,,,,,,,
1102,Dial blank qinque (Amir,1000,12,12000,5-Apr-14,,,,,,,,,,
1103,Upper Cover Window,1014,36,36504,,,,,,,,,,,
1104,Back Cover 70,796,30,23880,,,,,,,,,,,
1105,Housing Black 70,1579,8,12632,,,,,,,,,,,
1106,,,,85016,,,,,,,,,,,
1107,Upper cover zemco,1045,36,37620,4/10/2014,,,,,,,,,,
1108,Back Cover 70,1074,30,32220,,,,,,,,,,,
1109,Housing 70 Black,1118,8,8944,,,,,,,,,,,
1110,,,,78784,,,,,,,,,,,
1111,Upper cover window ,102,36,3672,21-4-2014,,,,,,,,,,
1112,Upper Cover unique,147,36,5292,,,,,,,,,,,
1113,Back Cover 70,981,30,29430,,,,,,,,,,,
1114,Housing 70 ,1230,8,9840,,,,,,,,,,,
1115,,,,48234,,,,,,,,,,,
1116,Upper Cover Window,1016,36,36576,24-4-2014,,,,,,,,,,
1117,Back Cover 70,1023,30,30690,,,,,,,,,,,
1118,Housing 70 ,1020,8,8160,,,,,,,,,,,
1119,,,,75426,,,,,,,,,,,
1120,Upper Cover Window,1026,36,36936,28-4-2014,,,,,,,,,,
1121,Back Cover 70,799,30,23970,,,,,,,,,,,
1122,Housing 70 ,1066,8,8528,,,,,,,,,,,
1123,,,,69434,,,,,,,,,,,
1124,Dial Blank Qinque,1000,12,12000,4/30/2014,,,,,,,,,,
1125,Upper cover qinque,1002,45,45090,,,,,,,,,,,
1126,Backcoverqinque,1000,20,20000,,,,,,,,,,,
1127,Housing Qinque,1000,35,35000,,,,,,,,,,,
1128,Nest Qinque,1030,20,20600,,,,,,,,,,,
1129,,,,112690,,,,,,,,,,,
1130,Dial Blank 70,1000,8,8000,5/7/2014,,,,,,,,,,
1131,Upper Cover Window,1041,36,37476,,,,,,,,,,,
1132,Housing  70 black,791,8,6328,,,,,,,,,,,
1133,,,,51804,,,,,,,,,,,
1134,Back Cover 70,423,30,12690,5/8/2014,,,,,,,,,,
1135,Housing  70 black,476,8,3808,,,,,,,,,,,
1136,,,,16498,,,,,,,,,,,
1137,Upper Cover  window,636,36,22896,5/9/2014,,,,,,,,,,
1138,Upper Cover  window,636,36,22896,10/5/2014,,,,,,,,,,
1139,Upper Cover Window,178,36,6408,12/5/2014,,,,,,,,,,
1140,Back Cover 70,980,30,29400,12/5/2014,,,,,,,,,,
1141,,,,35808,,,,,,,,,,,
1142,Back Cover 70,746,30,22380,13-5-2014,,,,,,,,,,
1143,Housing  70 black,735,8,5880,13-5-2014,,,,,,,,,,
1144,Upper Cover  window,661,36,23796,13-5-2014,,,,,,,,,,
1145,,,,52056,,,,,,,,,,,
1146,Dial Blank 70,1000,8,8000,14-5-2014,,,,,,,,,,
1147,Upper Cover  window,616,36,22176,15-5-2014,,,,,,,,,,
1148,Back Cover 70,708,30,21240,,,,,,,,,,,
1149,Housing  70 black,684,8,5472,,,,,,,,,,,
1150,,,,48888,,,,,,,,,,,
1151,Upper Cover  window,636,36,22896,16-5-2014,,,,,,,,,,
1152,Backcover 70,666,30,19980,,,,,,,,,,,
1153,Housing  70 black,504,8,4032,,,,,,,,,,,
1154,,,,46908,,,,,,,,,,,
1155,Upper Cover Window,709,36,25524,20-5-2014,,,,,,,,,,
1156,Back Cover 70,798,30,23940,,,,,,,,,,,
1157,Housing  70 black,556,8,4448,,,,,,,,,,,
1158,,,,53912,,,,,,,,,,,
1159,Upper Cover Window,730,36,26280,23-05-2014,,,,,,,,,,
1160,Back Cover 70,757,30,22710,,,,,,,,,,,
1161,Housing  70 black,780,8,6240,,,,,,,,,,,
1162,,,,55230,,,,,,,,,,,
1163,Back Cover 70,834,30,25020,24-05-2014,,,,,,,,,,
1164,Housing  70 black,900,8,7200,,,,,,,,,,,
1165,,,,32220,,,,,,,,,,,
1166,Upper Cover  window,852,36,30672,27-05-2014,,,,,,,,,,
1167,Dial blank qinque,1000,12,12000,,,,,,,,,,,
1168,,,,42672,,,,,,,,,,,
1169,Upper Cover  Qinque,1068,45,48060,29-05-2014,,,,,,,,,,
1170,Houseing qinque ,1090,35,38150,,,,,,,,,,,
1171,Nest Qinque,1050,20,21000,,,,,,,,,,,
1172,Back Cover Qinque,1080,20,21600,,,,,,,,,,,
1173,,,,128810,,,,,,,,,,,
1174,Upper Cover  window,797,36,28692,30-05-2014,,,,,,,,,,
1175,Back Cover 70,418,30,12540,,,,,,,,,,,
1176,Houseing 70 Black,750,8,6000,,,,,,,,,,,
1177,,,,47232,,,,,,,,,,,
1178,Upper Cover Window,450,36,16200,31-05-2014,,,,,,,,,,
1179,Back Cover 70,609,30,18270,,,,,,,,,,,
1180,Housing  70 black,609,8,4872,,,,,,,,,,,
1181,,,,39342,,,,,,,,,,,
1182,Upper Cover  window,376,36,13536,2/6/2014,,,,,,,,,,
1183,Back Cover 70,585,30,17550,,,,,,,,,,,
1184,Houseing 70 Black,624,8,4992,,,,,,,,,,,
1185,,,,36078,,,,,,,,,,,
1186,Upper Cover  window,813,36,29268,4/6/2014,,,,,,,,,,
1187,Back Cover 70,777,30,23310,,,,,,,,,,,
1188,houseing 70 Black,796,8,6368,,,,,,,,,,,
1189,,,,58946,,,,,,,,,,,
1190,Upper Cover  window,470,36,16920,5/6/2014,,,,,,,,,,
1191,Back Cover 70,492,30,14760,,,,,,,,,,,
1192,houseing 70 Black,477,8,3816,,,,,,,,,,,
1193,,,,35496,,,,,,,,,,,
1194,Upper Cover  window,742,36,26712,10/6/2014,,,,,,,,,,
1195,Back Cover 70,816,30,24480,,,,,,,,,,,
1196,houseing 70 Black,804,8,6432,,,,,,,,,,,
1197,,,,57624,,,,,,,,,,,
1198,Upper Cover  window,365,36,13140,13-6-2014,,,,,,,,,,
1199,Back Cover 70,666,30,19980,,,,,,,,,,,
1200,houseing 70 Black,310,8,2480,,,,,,,,,,,
1201,,,,35600,,,,,,,,,,,
1202,Upper Cover  window,1084,36,39024,17-6-2014,,,,,,,,,,
1203,Back Cover 70,1125,30,33750,,,,,,,,,,,
1204,Hoiusing 70 black,984,8,7872,,,,,,,,,,,
1205,,,,80646,,,,,,,,,,,
1206,Upper Cover  UNIQUI,177,36,6372,20-6-2014,,,,,,,,,,
1207,Upper Cover Zxmco,813,36,29268,,,,,,,,,,,
1208,Back Cover 70,995,30,29850,,,,,,,,,,,
1209,Houseing 70 Black,1032,8,8256,,,,,,,,,,,
1210,,,,73746,,,,,,,,,,,
1211,upper Cover  zxmco,524,36,18864,23-6-2014,,,,,,,,,,
1212,Back Cover 70,570,30,17100,,,,,,,,,,,
1213,,,,35964,,,,,,,,,,,
1214,Back Cover 70,713,36,21390,25-6-14,,,,,,,,,,
1215,Hosing 70Black,888,30,7104,,,,,,,,,,,
1216,,,,28494,,,,,,,,,,,
1217,Upper Cover  window,583,36,20988,26-6-14,,,,,,,,,,
1218,Back Cover 70,636,30,19080,,,,,,,,,,,
1219,Hosing 70Black,624,8,4992,,,,,,,,,,,
1220,,,,45060,,,,,,,,,,,
1221,Upper Cover  window,647,36,23292,27-6-2014,,,,,,,,,,
1222,Back Cover 70,839,30,25170,,,,,,,,,,,
1223,Hoiusing 70,1592,8,12736,,,,,,,,,,,
1224,,,,61198,,,,,,,,,,,
1225,Upper Cover  window,889,36,32004,28-6-2014,,,,,,,,,,
1226,Back Cover 70,1253,30,37590,,,,,,,,,,,
1227,Hosing 70Black,1452,8,11616,,,,,,,,,,,
1228,,,,81210,,,,,,,,,,,
1229,Upper Cover  window,140,36,5040,1/7/2014,,,,,,,,,,
1230,Back Cover 70,1085,30,32550,,,,,,,,,,,
1231,Hoiusing 70 black,1108,8,8864,,,,,,,,,,,
1232,,,,46454,,,,,,,,,,,
1233,Upper Cover  window,897,36,32292,2/7/2014,,,,,,,,,,
1234,Back Cover 70,906,30,27180,,,,,,,,,,,
1235,Hoiusing 70 Black,893,8,7144,,,,,,,,,,,
1236,,,,66616,,,,,,,,,,,
1237,upper Cover  Qinque,1003,45,45135,3/7/2014,,,,,,,,,,
1238,hosing qinque,1000,35,35000,,,,,,,,,,,
1239,nest Qinque,1000,20,20000,,,,,,,,,,,
1240,back Coverqinque,1000,20,20000,,,,,,,,,,,
1241,,,,120135,,,,,,,,,,,
1242,Upper Cover  window,600,36,21600,4/7/2014,,,,,,,,,,
1243,Back Cover 70,666,30,19980,,,,,,,,,,,
1244,Hosing 70Black,676,8,5408,,,,,,,,,,,
1245,,,,46988,,,,,,,,,,,
1246,Upper Cover  window,316,36,11376,8/7/2014,,,,,,,,,,
1247,Back Cover 70,615,30,18450,,,,,,,,,,,
1248,Hosing 70Black,636,8,5088,,,,,,,,,,,
1249,,,,34914,,,,,,,,,,,
1250,Upper Cover Window,532,36,19152,9/7/2014,,,,,,,,,,
1251,Back Cover 70,703,30,21090,,,,,,,,,,,
1252,Hosing 70Black,756,8,6048,,,,,,,,,,,
1253,,,,46290,,,,,,,,,,,
1254,Upper Cover  window,811,36,29196,10/7/2014,,,,,,,,,,
1255,Back Cover 70,794,30,23820,,,,,,,,,,,
1256,Hosing 70Black,561,8,4488,,,,,,,,,,,
1257,dial Blank qinque,1000,12,12000,,,,,,,,,,,
1258,,,,69504,,,,,,,,,,,
1259,upper Cover  uNIQUI,94,36,3384,17-7-2014,,,,,,,,,,
1260,Upper Cover  window,1069,36,38484,,,,,,,,,,,
1261,Back Cover 70,958,30,28740,,,,,,,,,,,
1262,Hosing 70Black,341,8,2728,,,,,,,,,,,
1263,,,,73336,,,,,,,,,,,
1264,upper Cover  zxmco,1496,36,53856,18-7-2014,,,,,,,,,,
1265,Back Cover 70,506,30,15180,,,,,,,,,,,
1266,Hosing 70Black,853,8,6824,,,,,,,,,,,
1267,,,,75860,,,,,,,,,,,
1268,upper Cover  uNIQUI,94,36,3384,21-7-2014,,,,,,,,,,
1269,Upper Cover  window,1012,36,36432,27-7-2014,,,,,,,,,,
1270,Back Cover 70,1113,30,33390,,,,,,,,,,,
1271,Hosing 70Black,1032,8,8256,,,,,,,,,,,
1272,,,,78078,,,,,,,,,,,
1273,Upper Cover  window,1051,36,37836,6/8/2014,,,,,,,,,,
1274,Back Cover 70,1010,30,30300,,,,,,,,,,,
1275,Hosing 70Black,1016,8,8128,,,,,,,,,,,
1276,,,,76264,,,,,,,,,,,
1277,Upper Cover  Qinque,396,45,17820,9/8/2014,,,,,,,,,,
1278,Back Cover qinque,1000,20,20000,,,,,,,,,,,
1279,Hosing qinque,558,35,19530,,,,,,,,,,,
1280,Nest Qinque,1000,20,20000,,,,,,,,,,,
1281,Upper Cover  window,188,36,6768,,,,,,,,,,,
1282,Back Cover 70,538,30,16140,,,,,,,,,,,
1283,upper Cover  uNIQUI,282,36,10152,,,,,,,,,,,
1284,,,,110410,,,,,,,,,,,
1285,Upper Cover  window,520,36,18720,12/8/2014,,,,,,,,,,
1286,Back Cover 70,863,30,25890,,,,,,,,,,,
1287,Hosing 70Black,1575,8,12600,,,,,,,,,,,
1288,upper Cover  Qinque,180,45,8100,,,,,,,,,,,
1289,,,,65310,,,,,,,,,,,
1290,dial Blank qinque,1000,12,12000,12/8/2014,,,,,,,,,,
1291,Upper Cover  window,1567,36,56412,13-8-2014,,,,,,,,,,
1292,Back Cover 70,220,30,6600,,,,,,,,,,,
1293,Hosing 70Black,504,8,4032,,,,,,,,,,,
1294,upper Cover  Qinque,430,45,19350,,,,,,,,,,,
1295,,,,86394,,,,,,,,,,,
1296,Upper Cover  window,797,36,28692,15-8-2014,,,,,,,,,,
1297,Back Cover 70,522,30,15660,,,,,,,,,,,
1298,Hosing 70Black,312,8,2496,,,,,,,,,,,
1299,hosing qinque,528,35,18480,,,,,,,,,,,
1300,,,,65328,,,,,,,,,,,
1301,Upper Cover  window,1038,36,37368,22-8-2014,,,,,,,,,,
1302,Back Cover 70,130,30,3900,,,,,,,,,,,
1303,Hosing 70Black,1072,8,8576,,,,,,,,,,,
1304,,,,49844,,,,,,,,,,,
1305,Upper Cover  window,354,36,12744,23-8-2014,,,,,,,,,,
1306,Back Cover 70,470,30,14100,,,,,,,,,,,
1307,,,,26844,,,,,,,,,,,
1308,Upper Cover  window,637,36,22932,27-8-2014,,,,,,,,,,
1309,Back Cover 70,871,30,26130,,,,,,,,,,,
1310,Hosing 70Black,873,8,6984,,,,,,,,,,,
1311,,,,56046,,,,,,,,,,,
1312,Upper Cover  window,647,36,23292,26-8-2014,,,,,,,,,,
1313,Back Cover 70,426,30,12780,,,,,,,,,,,
1314,Hosing 70Black,156,8,1248,,,,,,,,,,,
1315,,,,37320,,,,,,,,,,,
1316,Upper Cover  window,647,36,23292,28-8-2014,,,,,,,,,,
1317,Back Cover 70,1047,30,31410,,,,,,,,,,,
1318,Hosing 70Black,678,8,5424,,,,,,,,,,,
1319,,,,60126,,,,,,,,,,,
1320,dial Blank qinque,1000,12,12000,29-8-2014,,,,,,,,,,
1321,upper Cover  Qinque,320,45,14400,2/9/2014,,,,,,,,,,
1322,back Cover qinque,1500,20,30000,,,,,,,,,,,
1323,hosing qinque,90,35,3150,,,,,,,,,,,
1324,nest Qinque,710,20,14200,,,,,,,,,,,
1325,,,,61750,,,,,,,,,,,
1326,Upper Cover  window,710,36,25560,4/9/2014,,,,,,,,,,
1327,Back Cover 70,1638,30,49140,,,,,,,,,,,
1328,hosing qinque,1520,35,53200,,,,,,,,,,,
1329,,,,127900,,,,,,,,,,,
1330,Upper Cover  window,331,36,11916,6/9/2014,,,,,,,,,,
1331,Back Cover 70,302,30,9060,,,,,,,,,,,
1332,Hosing 70Black,1536,8,12288,,,,,,,,,,,
1333,,,,33264,,,,,,,,,,,
1334,Upper Cover  Qinque,415,45,18675,10/9/2014,,,,,,,,,,
1335,Nest Qinque,180,20,3600,,,,,,,,,,,
1336,upper Cover  70,430,36,15480,,,,,,,,,,,
1337,Back Cover 70,570,30,17100,,,,,,,,,,,
1338,Hosing 70Black,1000,8,8000,,,,,,,,,,,
1339,,,,62855,,,,,,,,,,,
1340,Upper Cover  Qinque,300,45,13500,11/9/2014,,,,,,,,,,
1341,Nest Qinque,500,20,10000,,,,,,,,,,,
1342,Back Cover 70,370,30,11100,,,,,,,,,,,
1343,Hosing 70Black,360,8,2880,,,,,,,,,,,
1344,,,,37480,,,,,,,,,,,
1345,Upper Cover  window,658,36,23688,13-9-2014,,,,,,,,,,
1346,Upper Cover  window,255,36,9180,,,,,,,,,,,
1347,Back Cover 70,200,30,6000,,,,,,,,,,,
1348,Hoiusing 70,400,8,3200,,,,,,,,,,,
1349,,,,42068,,,,,,,,,,,
1350,Upper Cover  Qinque,500,45,22500,16-9-2014,,,,,,,,,,
1351,Back Cover 70,500,30,15000,,,,,,,,,,,
1352,Hosing 70Black,670,8,5360,,,,,,,,,,,
1353,,,,42860,,,,,,,,,,,
1354,upper Cover  zxmco,1072,36,38592,17-9-2014,,,,,,,,,,
1355,Back Cover 70,730,30,21900,,,,,,,,,,,
1356,Hosing 70Black,800,8,6400,,,,,,,,,,,
1357,,,,66892,,,,,,,,,,,
1358,Dial Blank Qinque,890,12,10680,18-9-2014,,,,,,,,,,
1359,Upper Cover Window,956,36,34416,29-9-2014,,,,,,,,,,
1360,Back Cover 70,300,30,9000,,,,,,,,,,,
1361,Hosing 70Black,900,8,7200,,,,,,,,,,,
1362,Upper Cover  Qinque,186,45,8370,,,,,,,,,,,
1363,Back Cover Qinque,200,20,4000,,,,,,,,,,,
1364,Nest Qinque,240,20,4800,,,,,,,,,,,
1365,Hosing qinque,23,35,805,,,,,,,,,,,
1366,,,,68591,,,,,,,,,,,
1367,Upper Cover  Qinque,446,45,20070,1/10/2014,,,,,,,,,,
1368,Hosing qinque,500,35,17500,,,,,,,,,,,
1369,Nest Qinque,500,20,10000,,,,,,,,,,,
1370,upper Cover  window 70,500,35,17500,,,,,,,,,,,
1371,Hosing 70Black,1000,8,8000,,,,,,,,,,,
1372,,,,73070,,,,,,,,,,,
1373,Upper Cover Window,323,35,11305,2/10/2014,,,,,,,,,,
1374,Back Cover 70,420,30,12600,,,,,,,,,,,
1375,Hosing 70Black,460,8,3680,,,,,,,,,,,
1376,,,,27585,,,,,,,,,,,
1377,Upper Cover Window,177,35,6195,3/10/2014,,,,,,,,,,
1378,Back Cover 70,200,30,6000,,,,,,,,,,,
1379,Hosing 70Black,510,8,4080,,,,,,,,,,,
1380,upper Cover  zxmco,578,36,20808,,,,,,,,,,,
1381,,,,37083,,,,,,,,,,,
1382,Upper Cover Window,544,35,19040,9/10/2014,,,,,,,,,,
1383,Back Cover 70,980,30,29400,,,,,,,,,,,
1384,Hosing 70Black,1136,8,9088,,,,,,,,,,,
1385,,,,57528,,,,,,,,,,,
1386,Upper Cover  Qinque,166,45,7470,10/10/2014,,,,,,,,,,
1387,Upper Cover Window,300,35,10500,,,,,,,,,,,
1388,Back Cover 70,640,30,19200,,,,,,,,,,,
1389,Hosing 70Black,632,8,5056,,,,,,,,,,,
1390,,,,42226,,,,,,,,,,,
1391,Upper Cover  Qinque,726,45,32670,14-10-2014,,,,,,,,,,
1392,Hosing qinque,480,35,16800,,,,,,,,,,,
1393,Nest Qinque,600,20,12000,,,,,,,,,,,
1394,back  cover qinque,500,20,10000,,,,,,,,,,,
1395,,,,71470,,,,,,,,,,,
1396,Upper Cover  window,909,35,31815,15-10-2014,,,,,,,,,,
1397,Back Cover 70,280,30,8400,,,,,,,,,,,
1398,Hosing 70Black,865,8,6920,,,,,,,,,,,
1399,,,,47135,,,,,,,,,,,
1400,Dial Blank Qinque,2700,12,32400,18-10-2014,,,,,,,,,,
1401,Upper Cover  window,535,35,18725,,,,,,,,,,,
1402,Upper Cover  window,737,35,25795,,,,,,,,,,,
1403,Hosing qinque,534,35,18690,,,,,,,,,,,
1404,Back Cover Qinque,500,20,10000,,,,,,,,,,,
1405,Nest Qinque,520,20,10400,,,,,,,,,,,
1406,Hosing 70Black,780,8,6240,,,,,,,,,,,
1407,,,,122250,,,,,,,,,,,
1408,Dial Blank Qinque,400,12,4800,16-10-2014,,,,,,,,,,
1409,Upper Cover  window,546,35,19110,,,,,,,,,,,
1410,Back Cover 70,585,30,17550,,,,,,,,,,,
1411,Hosing 70Black,500,8,4000,,,,,,,,,,,
1412,Upper Cover  Qinque,300,45,13500,,,,,,,,,,,
1413,Hosing qinque,110,35,3850,,,,,,,,,,,
1414,Back Cover Qinque,300,20,6000,,,,,,,,,,,
1415,Nest Qinque,400,20,8000,,,,,,,,,,,
1416,,,,76810,,,,,,,,,,,
1417,Upper Cover  Qinque,484,45,21780,20-10-2014,,,,,,,,,,
1418,Upper Cover  window,535,35,18725,,,,,,,,,,,
1419,Hosing 70Black,486,8,3888,,,,,,,,,,,
1420,,,,44393,,,,,,,,,,,
1421,Upper Cover  window,969,35,33915,21-10-2014,,,,,,,,,,
1422,Back Cover 70,532,30,15960,,,,,,,,,,,
1423,Hosing 70Black,300,8,2400,,,,,,,,,,,
1424,,,,52275,,,,,,,,,,,
1425,Upper Cover  Qinque,466,45,20970,22-10-2014,,,,,,,,,,
1426,Back Cover Qinque,140,20,2800,,,,,,,,,,,
1427,,,,23770,,,,,,,,,,,
1428,Back Cover 70,1063,30,31890,27-10-2014,,,,,,,,,,
1429,Back Cover 70,657,30,19710,23-10-2014,,,,,,,,,,
1430,Back Cover qinque,330,20,6600,30-10-2014,,,,,,,,,,
1431,upper Cover  Qinque,520,45,23400,31-10-2014,,,,,,,,,,
1432,upper Cover  Qinque   cd,516,45,23220,,,,,,,,,,,
1433,hosing qinque,915,35,32025,,,,,,,,,,,
1434,nest Qinque,510,20,10200,,,,,,,,,,,
1435,back Cover qinque,200,20,4000,,,,,,,,,,,
1436,,,,92845,,,,,,,,,,,
1437,Back Cover 70,306,30,9180,1/11/2014,,,,,,,,,,
1438,Hosing 70Black,730,8,5840,,,,,,,,,,,
1439,,,,15020,,,,,,,,,,,
1440,Back Cover 70,990,30,29700,5/11/2014,,,,,,,,,,
1441,Upper Cover  window,194,36,6984,,,,,,,,,,,
1442,Back Cover 70,196,30,5880,,,,,,,,,,,
1443,Hosing 70Black,470,8,3760,,,,,,,,,,,
1444,,,,46324,,,,,,,,,,,
1445,Upper Cover  window,177,35,6195,6/11/2014,,,,,,,,,,
1446,Back Cover 70,830,30,24900,,,,,,,,,,,
1447,Hosing 70Black,303,8,2424,,,,,,,,,,,
1448,,,,33519,,,,,,,,,,,
1449,Upper Cover  window,806,35,28210,7/11/2014,,,,,,,,,,
1450,Back Cover 70,804,30,24120,,,,,,,,,,,
1451,Hosing 70Black,283,8,2264,,,,,,,,,,,
1452,,,,54594,,,,,,,,,,,
1453,Upper Cover  window,282,35,9870,8/11/2014,,,,,,,,,,
1454,Back Cover 70,222,30,6660,,,,,,,,,,,
1455,Hosing 70Black,1080,8,8640,,,,,,,,,,,
1456,Upper Cover  window,600,35,21000,,,,,,,,,,,
1457,Back Cover qinque,1050,20,21000,,,,,,,,,,,
1458,,,,67170,,,,,,,,,,,
1459,dial Blank qinque,1640,12,19680,11/10/2014,,,,,,,,,,
1460,Upper Cover  window,148,35,5180,,,,,,,,,,,
1461,Back Cover 70,769,30,23070,,,,,,,,,,,
1462,Hosing 70Black,1080,8,8640,,,,,,,,,,,
1463,,,,56570,,,,,,,,,,,
1464,Upper Cover  window,681,35,23835,11/11/2014,,,,,,,,,,
1465,Back Cover 70,330,30,9900,,,,,,,,,,,
1466,Hosing 70Black,312,8,2496,,,,,,,,,,,
1467,,,,36231,,,,,,,,,,,
1468,Upper Cover Window,356,35,12460,13-11-2014,,,,,,,,,,
1469,Hosing 70Black,576,8,4608,,,,,,,,,,,
1470,hosing qinque,330,35,11550,,,,,,,,,,,
1471,nest Qinque,538,20,10760,,,,,,,,,,,
1472,,,,39378,,,,,,,,,,,
1473,upper Cover  Qinque,493,45,22185,15-11-2014,,,,,,,,,,
1474,Back Cover qinque,531,20,10620,,,,,,,,,,,
1475,nest Qinque,480,20,9600,,,,,,,,,,,
1476,Back Cover 70,528,30,15840,,,,,,,,,,,
1477,Hosing 70Black,264,8,2112,,,,,,,,,,,
1478,,,,60357,,,,,,,,,,,
1479,Back Cover 70,339,30,10170,17-11-2014,,,,,,,,,,
1480,back Cover qinque,500,20,10000,,,,,,,,,,,
1481,nest Qinque,500,20,10000,,,,,,,,,,,
1482,,,,30170,,,,,,,,,,,
1483,Upper Cover  window,490,35,17150,18-11-2014,,,,,,,,,,
1484,Back Cover 70,494,30,14820,,,,,,,,,,,
1485,Hosing 70Black,612,8,4896,,,,,,,,,,,
1486,,,,36866,,,,,,,,,,,
1487,Upper Cover  window,1033,35,36155,18-11-2014,,,,,,,,,,
1488,Back Cover 70,605,30,18150,,,,,,,,,,,
1489,Hosing 70Black,420,8,3360,,,,,,,,,,,
1490,upper Cover  Qinque,258,45,11610,,,,,,,,,,,
1491,hosing qinque,512,35,17920,,,,,,,,,,,
1492,,,,87195,,,,,,,,,,,
1493,dial Blank qinque,2000,12,24000,22-11-2014,,,,,,,,,,
1494,Upper Cover  window,596,35,20860,,,,,,,,,,,
1495,Back Cover 70,579,30,17370,,,,,,,,,,,
1496,Hosing 70Black,591,8,4728,,,,,,,,,,,
1497,Back Cover 70,872,30,26160,25-11-2014,,,,,,,,,,
1498,upper Cover  Qinque,432,45,19440,28-11-2014,,,,,,,,,,
1499,Hosing qinque,1006,35,35210,,,,,,,,,,,
1500,Back Cover qinque,1000,20,20000,,,,,,,,,,,
1501,nest Qinque,1000,20,20000,,,,,,,,,,,
1502,Hosing 70Black,392,8,3136,,,,,,,,,,,
1503,,,,97786,,,,,,,,,,,
1504,Upper Cover  window,363,35,12705,1/12/2014,,,,,,,,,,
1505,Back Cover 70,315,30,9450,,,,,,,,,,,
1506,Hosing 70Black,425,8,3400,,,,,,,,,,,
1507,,,,25555,,,,,,,,,,,
1508,Upper Cover  window,618,35,21630,2/12/2014,,,,,,,,,,
1509,Back Cover 70,555,30,16650,,,,,,,,,,,
1510,Hosing 70Black,360,8,2880,,,,,,,,,,,
1511,,,,41160,,,,,,,,,,,
1512,Upper Cover  window,358,35,12530,3/12/2014,,,,,,,,,,
1513,Back Cover 70,477,30,14310,,,,,,,,,,,
1514,hosing qinque,1001,35,35035,,,,,,,,,,,
1515,nest Qinque,810,20,16200,,,,,,,,,,,
1516,back Cover qinque,1000,20,20000,,,,,,,,,,,
1517,,,,98075,,,,,,,,,,,
1518,Upper Cover  window,188,35,6580,4/12/2014,,,,,,,,,,
1519,Back Cover 70,543,30,16290,,,,,,,,,,,
1520,Hosing 70Black,155,8,1240,,,,,,,,,,,
1521,,,,24110,,,,,,,,,,,
1522,Upper Cover  window,697,35,24395,5/12/2014,,,,,,,,,,
1523,Back Cover 70,528,30,15840,,,,,,,,,,,
1524,Hosing 70Black,720,8,5760,,,,,,,,,,,
1525,,,,45995,,,,,,,,,,,
1526,upper Cover  Qinque,726,45,32670,6/12/2014,,,,,,,,,,
1527,upper Cover  Qinque,143,45,6435,6/12/2014,,,,,,,,,,
1528,upper Cover  Qinque,209,45,9405,8/12/2014,,,,,,,,,,
1529,Upper Cover  window,741,35,25935,,,,,,,,,,,
1530,Back Cover 70,701,30,21030,,,,,,,,,,,
1531,Hosing 70Black,1004,8,8032,,,,,,,,,,,
1532,,,,64402,,,,,,,,,,,
1533,upper Cover  Qinque,1067,45,48015,11/12/2014,,,,,,,,,,
1534,Upper Cover  window,177,35,6195,,,,,,,,,,,
1535,Back Cover 70,444,30,13320,,,,,,,,,,,
1536,Hosing 70Black,615,8,4920,,,,,,,,,,,
1537,,,,72450,,,,,,,,,,,
1538,Upper Cover  window,366,35,12810,12/12/2014,,,,,,,,,,
1539,Back Cover 70,648,30,19440,,,,,,,,,,,
1540,Hosing 70Black,510,8,4080,,,,,,,,,,,
1541,,,,36330,,,,,,,,,,,
1542,Upper Cover  window,499,35,17465,15-12-2014,,,,,,,,,,
1543,Back Cover 70,977,30,29310,,,,,,,,,,,
1544,,,,46775,,,,,,,,,,,
1545,upper Cover  Qinque,300,45,13500,16-12-2014,,,,,,,,,,
1546,Upper Cover  window,762,35,26670,,,,,,,,,,,
1547,Hosing 70Black,935,8,7480,,,,,,,,,,,
1548,,,,47650,,,,,,,,,,,
1549,Back Cover Qinque,970,20,19400,18-12-2014,,,,,,,,,,
1550,Nest Qinque,1060,20,21200,,,,,,,,,,,
1551,,,,40600,,,,,,,,,,,
1552,Upper Cover  window,83,35,2905,20-12-2014,,,,,,,,,,
1553,Back Cover 70,750,30,22500,,,,,,,,,,,
1554,Hosing 70Black,667,8,5336,,,,,,,,,,,
1555,Upper Cover  window,679,35,23765,,,,,,,,,,,
1556,,,,54506,,,,,,,,,,,
1557,Dial Blank qinque,2000,12,24000,23-12-2014,,,,,,,,,,
1558,Upper Cover  window,749,35,26215,,,,,,,,,,,
1559,Back Cover 70,749,30,22470,,,,,,,,,,,
1560,,,,72685,,,,,,,,,,,
1561,Upper Cover  window,274,35,9590,24-12-2014,,,,,,,,,,
1562,Back Cover 70,747,30,22410,,,,,,,,,,,
1563,Hosing 70Black,234,8,1872,,,,,,,,,,,
1564,,,,33872,,,,,,,,,,,
1565,Upper Cover  window,148,35,5180,26-12-2014,,,,,,,,,,
1566,Back Cover 70,520,30,15600,,,,,,,,,,,
1567,Hoiusing 70,496,8,3968,,,,,,,,,,,
1568,,,,24748,,,,,,,,,,,
1569,Back Cover 70,1010,30,30300,29-12-2014,,,,,,,,,,
1570,Hoiusing 70,760,8,6080,,,,,,,,,,,
1571,,,,36380,,,,,,,,,,,
1572,Hosing qinque,541,35,18935,29-12-2014,,,,,,,,,,
1573,Back Cover qinque,1000,20,20000,,,,,,,,,,,
1574,Nest Qinque,2020,20,40400,,,,,,,,,,,
1575,,,,79335,,,,,,,,,,,
1576,upper Cover  Qinque,410,45,18450,30-12-2014,,,,,,,,,,
1577,Upper Cover  window,168,35,5880,,,,,,,,,,,
1578,Back Cover 70,358,30,10740,,,,,,,,,,,
1579,,,,35070,,,,,,,,,,,
1580,upper Cover  Qinque,706,45,31770,31-12-2014,,,,,,,,,,
1581,Back Cover qinque,1550,20,31000,,,,,,,,,,,
1582,hosing qinque,757,35,26495,,,,,,,,,,,
1583,Upper Cover  window,466,35,16310,,,,,,,,,,,
1584,Back Cover 70,342,30,10260,,,,,,,,,,,
1585,,,,115835,,,,,,,,,,,
1586,Upper Cover  window,434,35,15190,2/1/2015,,,,,,,,,,
1587,Hosing 70Black,1068,8,8544,,,,,,,,,,,
1588,Hosing Qinque,492,35,17220,,,,,,,,,,,
1589,Nest Qinque,1620,20,32400,,,,,,,,,,,
1590,Back Cover 70,400,30,12000,,,,,,,,,,,
1591,,,,85354,,,,,,,,,,,
1592,Upper Cover  window,564,35,19740,3/1/2015,,,,,,,,,,
1593,Hosing 70Black,590,8,4720,,,,,,,,,,,
1594,hosing qinque,522,35,18270,,,,,,,,,,,
1595,,,,42730,,,,,,,,,,,
1596,Upper Cover Window,450,35,15750,5/1/2015,,,,,,,,,,
1597,Back Cover 70,564,30,16920,,,,,,,,,,,
1598,Hosing 70Black,654,8,5232,,,,,,,,,,,
1599,,,,37902,,,,,,,,,,,
1600,Upper Cover Window,531,35,18585,7/1/2015,,,,,,,,,,
1601,Back Cover 70,813,30,24390,,,,,,,,,,,
1602,Hosing 70Black,705,8,5640,,,,,,,,,,,
1603,,,,48615,,,,,,,,,,,
1604,Upper Cover  window,1062,35,37170,9/1/2015,,,,,,,,,,
1605,Back Cover 70,717,30,21510,,,,,,,,,,,
1606,Hosing 70Black,750,8,6000,,,,,,,,,,,
1607,,,,64680,,,,,,,,,,,
1608,Hoiusing qinque,411,35,14385,12/1/2015,,,,,,,,,,
1609,dial Blank qinque,1640,12,19680,13-1-2015,,,,,,,,,,
1610,upper Cover  Qinque 125,230,45,10350,,,,,,,,,,,
1611,upper Cover  Qinque 125,200,45,9000,,,,,,,,,,,
1612,,,,39030,,,,,,,,,,,
1613,Upper Cover  window,448,35,15680,14-1-2015,,,,,,,,,,
1614,upper Cover  Qinque 125,300,45,13500,,,,,,,,,,,
1615,Back Cover 70,741,30,22230,,,,,,,,,,,
1616,Hosing 70Black,985,8,7880,,,,,,,,,,,
1617,,,,59290,,,,,,,,,,,
1618,Dial Blank qinque,3000,12,36000,15-1-2015,,,,,,,,,,
1619,upper Cover  Qinque 125,270,45,12150,15-1-2015,,,,,,,,,,
1620,Upper Cover Window,188,35,6580,,,,,,,,,,,
1621,Back Cover 70,222,30,6660,,,,,,,,,,,
1622,Hosing 70Black,375,8,3000,,,,,,,,,,,
1623,,,,28390,,,,,,,,,,,
1624,Upper Cover  window,459,35,16065,17-1-2015,,,,,,,,,,
1625,Back Cover 70,750,30,22500,,,,,,,,,,,
1626,Hosing 70Black,835,8,6680,,,,,,,,,,,
1627,Upper Cover Window,265,35,9275,,,,,,,,,,,
1628,Back Cover 70,410,30,12300,,,,,,,,,,,
1629,Hosing 70Black,327,8,2616,,,,,,,,,,,
1630,,,,69436,,,,,,,,,,,
1631,Upper Cover Window,269,35,9415,19-1-2015,,,,,,,,,,
1632,Back Cover 70,408,30,12240,,,,,,,,,,,
1633,,,,21655,,,,,,,,,,,
1634,upper Cover  Qinque,660,45,29700,22-1-2015,,,,,,,,,,
1635,hosing qinque,256,35,8960,,,,,,,,,,,
1636,Upper Cover  window,203,35,7105,,,,,,,,,,,
1637,,,,45765,,,,,,,,,,,
1638,Upper Cover  window,220,35,7700,23-1-2015,,,,,,,,,,
1639,Upper Cover  window,570,35,19950,24-1-2015,,,,,,,,,,
1640,Hosing 70Black,550,8,4400,,,,,,,,,,,
1641,,,,24350,,,,,,,,,,,
1642,Upper Cover  window,1144,35,40040,24-1-2015,,,,,,,,,,
1643,Back Cover 70,1020,30,30600,,,,,,,,,,,
1644,Hosing 70Black,312,8,2496,,,,,,,,,,,
1645,,,,73136,,,,,,,,,,,
1646,Upper Cover  window,733,35,25655,28-1-2015,,,,,,,,,,
1647,Back Cover 70,1002,30,30060,,,,,,,,,,,
1648,hosing qinque,522,35,18270,,,,,,,,,,,
1649,,,,73985,,,,,,,,,,,
1650,Upper Cover  window,514,35,17990,29-1-2015,,,,,,,,,,
1651,Back Cover 70,507,30,15210,,,,,,,,,,,
1652,hosing qinque,266,35,9310,,,,,,,,,,,
1653,upper Cover  Qinque,480,45,21600,,,,,,,,,,,
1654,,,,64110,,,,,,,,,,,
1655,Upper Cover Window,737,35,25795,30-1-2015,,,,,,,,,,
1656,Back Cover 70,687,30,20610,,,,,,,,,,,
1657,back Cover qinque,980,20,19600,,,,,,,,,,,
1658,nest Qinque,460,20,9200,,,,,,,,,,,
1659,hosing qinque,130,35,4550,,,,,,,,,,,
1660,Hosing 70Black,660,8,5280,,,,,,,,,,,
1661,,,,85035,,,,,,,,,,,
1662,upper Cover  Qinque,687,45,30915,31-1-2015,,,,,,,,,,
1663,Hosing qinque,400,35,14000,,,,,,,,,,,
1664,nest Qinque,600,20,12000,,,,,,,,,,,
1665,back Cover qinque,700,20,14000,,,,,,,,,,,
1666,upper Cover  Qinque 125,190,55,10450,,,,,,,,,,,
1667,,,,81365,,,,,,,,,,,
1668,Hoiusing 70,360,8,2880,30-1-2015,,,,,,,,,,
1669,hosing qinque,206,35,7210,2/2/2015,,,,,,,,,,
1670,Hosing 70Black,732,8,5856,,,,,,,,,,,
1671,,,,13066,,,,,,,,,,,
1672,upper Cover  Qinque 125,460,55,25300,4/2/2015,,,,,,,,,,
1673,Upper Cover  window,712,35,24920,,,,,,,,,,,
1674,Back Cover 70,852,30,25560,,,,,,,,,,,
1675,Hosing 70Black,704,8,5632,,,,,,,,,,,
1676,,,,81412,,,,,,,,,,,
1677,upper Cover  raser,1176,35,41160,6/2/2015,,,,,,,,,,
1678,Back Cover 70,730,35,25550,,,,,,,,,,,
1679,Hoiusing 70,792,8,6336,,,,,,,,,,,
1680,,,,73046,,,,,,,,,,,
1681,Upper Cover  window,177,35,6195,9/2/2015,,,,,,,,,,
1682,Back Cover 70,326,30,9780,,,,,,,,,,,
1683,Hosing 70Black,612,8,4896,,,,,,,,,,,
1684,hosing qinque,541,35,18935,,,,,,,,,,,
1685,,,,39806,,,,,,,,,,,
1686,Upper Cover  window,253,35,8855,10/2/2015,,,,,,,,,,
1687,upper Cover  road princes,513,35,17955,,,,,,,,,,,
1688,Back Cover 70,204,30,6120,,,,,,,,,,,
1689,Hosing 70Black,393,8,3144,,,,,,,,,,,
1690,,,,36074,,,,,,,,,,,
1691,Upper Cover  window,249,35,8715,7/2/2015,,,,,,,,,,
1692,Upper Cover  window,83,35,2905,13-2-2015,,,,,,,,,,
1693,Back Cover 70,510,30,15300,,,,,,,,,,,
1694,Hosing 70Black,657,8,5256,,,,,,,,,,,
1695,Upper Cover  window,178,35,6230,,,,,,,,,,,
1696,,,,29691,,,,,,,,,,,
1697,Upper Cover  window,576,35,20160,14-2-2015,,,,,,,,,,
1698,Back Cover 70,519,30,15570,,,,,,,,,,,
1699,Hosing 70Black,543,8,4344,,,,,,,,,,,
1700,,,,40074,,,,,,,,,,,
1701,Upper Cover  window,484,35,16940,16-2-2015,,,,,,,,,,
1702,Back Cover 70,588,30,17640,,,,,,,,,,,
1703,Hosing 70Black,660,8,5280,,,,,,,,,,,
1704,Upper Cover  window,90,35,3150,,,,,,,,,,,
1705,,,,43010,,,,,,,,,,,
1706,Upper Cover  window,542,35,18970,18-2-2015,,,,,,,,,,
1707,Back Cover 70,888,30,26640,,,,,,,,,,,
1708,Hosing 70Black,540,8,4320,,,,,,,,,,,
1709,,,,49930,,,,,,,,,,,
1710,Upper Cover  window,758,35,26530,24-2-2015,,,,,,,,,,
1711,Back Cover 70,945,30,28350,,,,,,,,,,,
1712,Hosing 70Black,729,8,5832,,,,,,,,,,,
1713,,,,60712,,,,,,,,,,,
1714,Upper Cover Window,170,35,5950,26-2-2015,,,,,,,,,,
1715,Upper Cover  window,450,35,15750,,,,,,,,,,,
1716,Back Cover 70,765,30,22950,,,,,,,,,,,
1717,,,,44650,,,,,,,,,,,
1718,Upper Cover  window,374,35,13090,2/3/2015,,,,,,,,,,
1719,Hoiusing 70 Black,740,8,5920,,,,,,,,,,,
1720,,,,19010,,,,,,,,,,,
1721,Upper Cover  window,539,35,18865,12/3/2015,,,,,,,,,,
1722,Back Cover 70,516,30,15480,,,,,,,,,,,
1723,Hoiusing 70,585,8,4680,,,,,,,,,,,
1724,,,,39025,,,,,,,,,,,
1725,upper Cover  Qinque,586,45,26370,13-3-2015,,,,,,,,,,
1726,back Cover qinque,550,20,11000,,,,,,,,,,,
1727,hosing qinque,566,35,19810,,,,,,,,,,,
1728,nest Qinque,580,20,11600,,,,,,,,,,,
1729,Upper Cover  window,352,35,12320,,,,,,,,,,,
1730,Back Cover 70,585,30,17550,,,,,,,,,,,
1731,Hosing 70Black,576,8,4608,,,,,,,,,,,
1732,,,,103258,,,,,,,,,,,
1733,upper Cover  Qinque,324,45,14580,20-3-2015,,,,,,,,,,
1734,upper Cover  Qinque,290,45,13050,19-3-2015,,,,,,,,,,
1735,Back Cover 70,1053,30,31590,21-3-2015,,,,,,,,,,
1736,Hoiusing 70,924,8,7392,,,,,,,,,,,
1737,,,,38982,,,,,,,,,,,
1738,Upper Cover  window,360,35,12600,24-3-2015,,,,,,,,,,
1739,Upper Cover  window,442,35,15470,26-3-2015,,,,,,,,,,
1740,Hoiusing 70,675,8,5400,,,,,,,,,,,
1741,,,,20870,,,,,,,,,,,
1742,dial Blank qinque,1400,12,16800,26-3-2015,,,,,,,,,,
1743,upper Cover  Qinque,990,45,44550,27-3-2015,,,,,,,,,,
1744,back Cover qinque,1530,20,30600,,,,,,,,,,,
1745,hosing qinque,957,35,33495,,,,,,,,,,,
1746,nest Qinque,1518,20,30360,,,,,,,,,,,
1747,Upper Cover  window,574,35,20090,,,,,,,,,,,
1748,Back Cover 70,496,30,14880,,,,,,,,,,,
1749,Hosing 70Black,855,8,6840,,,,,,,,,,,
1750,,,,180815,,,,,,,,,,,
1751,Dial Blank Suzuki,440,12,5280,27-3-2015,,,,,,,,,,
1752,upper Cover  Qinque,250,45,11250,31-3-2015,,,,,,,,,,
1753,back Cover qinque,200,20,4000,,,,,,,,,,,
1754,hosing qinque,200,35,7000,,,,,,,,,,,
1755,nest Qinque,200,20,4000,,,,,,,,,,,
1756,dial Blank suzuki,1540,12,18480,,,,,,,,,,,
1757,,,,44730,,,,,,,,,,,
1758,back Cover united 100 cc,500,20,10000,31-3-2015,,,,,,,,,,
1759,hosing united 100 cc,520,30,15600,,,,,,,,,,,
1760,,,,25600,,,,,,,,,,,
1761,Upper Cover  window,985,35,34475,2/4/2015,,,,,,,,,,
1762,Back Cover 70,1011,30,30330,,,,,,,,,,,
1763,Hosing 70Black,915,8,7320,,,,,,,,,,,
1764,,,,72125,,,,,,,,,,,
1765,upper Cover  Qinque,260,45,11700,4/4/2015,,,,,,,,,,
1766,Hosing qinque,343,35,12005,,,,,,,,,,,
1767,Back Cover 70,439,30,13170,,,,,,,,,,,
1768,Hosing 70Black,585,8,4680,,,,,,,,,,,
1769,hosing united 100 cc,1451,30,43530,,,,,,,,,,,
1770,,,,85085,,,,,,,,,,,
1771,Back Cover 70,604,30,18120,6/4/2015,,,,,,,,,,
1772,Hoiusing 70,375,8,3000,,,,,,,,,,,
1773,,,,21120,,,,,,,,,,,
1774,upper Cover  uNIted 100cc,326,45,14670,8/4/2015,,,,,,,,,,
1775,back Cover united 100 cc,1790,20,35800,,,,,,,,,,,
1776,hosing united 100 cc,300,30,9000,,,,,,,,,,,
1777,,,,59470,,,,,,,,,,,
1778,Upper Cover  window,170,35,5950,9/4/2015,,,,,,,,,,
1779,Upper Cover  window,514,35,17990,,,,,,,,,,,
1780,Back Cover 70,714,30,21420,,,,,,,,,,,
1781,Hosing 70Black,645,8,5160,,,,,,,,,,,
1782,,,,50520,,,,,,,,,,,
1783,Upper Cover Window,582,35,20370,14-4-2015,,,,,,,,,,
1784,Back Cover 70,425,30,12750,,,,,,,,,,,
1785,Hosing 70Black,540,8,4320,,,,,,,,,,,
1786,,,,37440,,,,,,,,,,,
1787,upper Cover  uNIQUI 100cc,582,45,26190,18-4-2015,,,,,,,,,,
1788,Upper Cover  window,770,35,26950,21-4-2015,,,,,,,,,,
1789,Upper Cover  window,1236,35,43260,25-4-2015,,,,,,,,,,
1790,Back Cover 70,741,30,22230,,,,,,,,,,,
1791,Hosing qinque,643,35,22505,,,,,,,,,,,
1792,,,,87995,,,,,,,,,,,
1793,upper Cover  Qinque,60,45,2700,28-4-2015,,,,,,,,,,
1794,back Cover qinque,1510,20,30200,,,,,,,,,,,
1795,hosing qinque,288,35,10080,,,,,,,,,,,
1796,nest Qinque,1510,20,30200,,,,,,,,,,,
1797,Upper Cover  window,994,35,34790,,,,,,,,,,,
1798,,,,107970,,,,,,,,,,,
1799,upper Cover  Qinque,582,45,26190,29-4-2015,,,,,,,,,,
1800,Upper Cover  window,764,35,26740,2/5/2015,,,,,,,,,,
1801,Back Cover 70,111,30,3330,,,,,,,,,,,
1802,Hosing 70Black,720,8,5760,,,,,,,,,,,
1803,,,,35830,,,,,,,,,,,
1804,Back Cover 70,671,30,20130,4/5/2015,,,,,,,,,,
1805,Back Cover 70,1070,30,32100,7/5/2015,,,,,,,,,,
1806,Hosing 70Black,530,8,4240,,,,,,,,,,,
1807,hosing qinque,123,35,4305,,,,,,,,,,,
1808,,,,40645,,,,,,,,,,,
1809,upper Cover  Qinque,896,45,40320,6/5/2015,,,,,,,,,,
1810,hosing qinque,475,35,16625,,,,,,,,,,,
1811,Upper Cover  window,908,35,31780,,,,,,,,,,,
1812,Hosing 70Black,880,8,7040,,,,,,,,,,,
1813,,,,95765,,,,,,,,,,,
1814,Back Cover 70,204,30,6120,8/5/2015,,,,,,,,,,
1815,Upper Cover  window,529,35,18515,9/5/2015,,,,,,,,,,
1816,Back Cover 70,525,30,15750,,,,,,,,,,,
1817,Hoiusing 70,540,8,4320,,,,,,,,,,,
1818,,,,38585,,,,,,,,,,,
1819,Upper Cover  window,1013,35,35455,11/5/2015,,,,,,,,,,
1820,Back Cover 70,1035,30,31050,,,,,,,,,,,
1821,Hosing 70Black,950,8,7600,,,,,,,,,,,
1822,,,,74105,,,,,,,,,,,
1823,Upper Cover  window,512,35,17920,18-5-2015,,,,,,,,,,
1824,Back Cover 70,528,30,15840,,,,,,,,,,,
1825,Hosing 70Black,555,8,4440,,,,,,,,,,,
1826,,,,38200,,,,,,,,,,,
1827,Upper Cover  window,570,35,19950,21-5-2015,,,,,,,,,,
1828,Back Cover 70,539,30,16170,,,,,,,,,,,
1829,Hosing 70Black,540,8,4320,,,,,,,,,,,
1830,,,,40440,,,,,,,,,,,
1831,Upper Cover  window,1020,35,35700,25-5-2015,,,,,,,,,,
1832,Back Cover 70,1046,30,31380,,,,,,,,,,,
1833,Hosing 70Black,1144,8,9152,,,,,,,,,,,
1834,,,,76232,,,,,,,,,,,
1835,Upper Cover  window,503,35,17605,28-5-2015,,,,,,,,,,
1836,Back Cover 70,537,30,16110,,,,,,,,,,,
1837,Hosing 70Black,1052,8,8416,,,,,,,,,,,
1838,,,,42131,,,,,,,,,,,
1839,Upper Cover  window,810,35,28350,29-5-2015,,,,,,,,,,
1840,Back Cover 70,435,30,13050,,,,,,,,,,,
1841,Hosing 70Black,600,8,4800,,,,,,,,,,,
1842,,,,46200,,,,,,,,,,,
1843,Back Cover 70,981,30,29430,30-5-2015,,,,,,,,,,
1844,Hoiusing 70,1018,8,8144,,,,,,,,,,,
1845,,,,37574,,,,,,,,,,,
1846,Upper Cover  window,444,30,13320,4/6/2015,,,,,,,,,,
1847,Back Cover 70,686,27,18522,,,,,,,,,,,
1848,Hoiusing 70,978,8,7824,,,,,,,,,,,
1849,,,,39666,,,,,,,,,,,
1850,,,,0,,,,,,,,,,,
1851,,,,0,,,,,,,,,,,
1852,,,,0,,,,,,,,,,,
1853,,,,0,,,,,,,,,,,
1854,,,,0,,,,,,,,,,,
1855,,,,0,,,,,,,,,,,
1856,,,,0,,,,,,,,,,,
1857,,,,0,,,,,,,,,,,
1858,,,,0,,,,,,,,,,,
1859,,,,0,,,,,,,,,,,
1860,,,,0,,,,,,,,,,,
1861,,,,0,,,,,,,,,,,
1862,,,,0,,,,,,,,,,,
1863,,,,0,,,,,,,,,,,
1864,,,,0,,,,,,,,,,,
1865,,,,0,,,,,,,,,,,
1866,,,,0,,,,,,,,,,,
1867,,,,0,,,,,,,,,,,
1868,,,,0,,,,,,,,,,,
1869,,,,0,,,,,,,,,,,
1870,,,,0,,,,,,,,,,,
1871,,,,0,,,,,,,,,,,
1872,,,,0,,,,,,,,,,,
1873,,,,0,,,,,,,,,,,
1874,,,,0,,,,,,,,,,,
1875,,,,0,,,,,,,,,,,
1876,,,,0,,,,,,,,,,,
1877,,,,0,,,,,,,,,,,
1878,,,,0,,,,,,,,,,,
1879,,,,0,,,,,,,,,,,
1880,,,,0,,,,,,,,,,,
1881,,,,0,,,,,,,,,,,
1882,,,,0,,,,,,,,,,,
1883,,,,0,,,,,,,,,,,
1884,,,,0,,,,,,,,,,,
1885,,,,0,,,,,,,,,,,
1886,,,,0,,,,,,,,,,,
1887,,,,0,,,,,,,,,,,
1888,,,,0,,,,,,,,,,,
1889,,,,0,,,,,,,,,,,
1890,,,,0,,,,,,,,,,,
1891,,,,0,,,,,,,,,,,
1892,,,,0,,,,,,,,,,,
1893,,,,0,,,,,,,,,,,
1894,,,,0,,,,,,,,,,,
1895,,,,0,,,,,,,,,,,
1896,,,,0,,,,,,,,,,,
1897,,,,0,,,,,,,,,,,
1898,,,,0,,,,,,,,,,,
1899,,,,0,,,,,,,,,,,
1900,,,,0,,,,,,,,,,,
1901,,,,0,,,,,,,,,,,
1902,,,,0,,,,,,,,,,,
1903,,,,0,,,,,,,,,,,
1904,,,,0,,,,,,,,,,,
1905,,,,0,,,,,,,,,,,
1906,,,,0,,,,,,,,,,,
1907,,,,0,,,,,,,,,,,
1908,,,,0,,,,,,,,,,,
1909,,,,0,,,,,,,,,,,
1910,,,,0,,,,,,,,,,,
1911,,,,0,,,,,,,,,,,
1912,,,,0,,,,,,,,,,,
1913,,,,0,,,,,,,,,,,
1914,,,,0,,,,,,,,,,,
1915,,,,0,,,,,,,,,,,
1916,,,,0,,,,,,,,,,,
1917,,,,0,,,,,,,,,,,
1918,,,,0,,,,,,,,,,,
1919,,,,0,,,,,,,,,,,
1920,,,,0,,,,,,,,,,,
1921,,,,0,,,,,,,,,,,
1922,,,,0,,,,,,,,,,,
1923,,,,0,,,,,,,,,,,
1924,,,,0,,,,,,,,,,,
1925,,,,0,,,,,,,,,,,
1926,,,,0,,,,,,,,,,,
1927,,,,0,,,,,,,,,,,
1928,,,,0,,,,,,,,,,,
1929,,,,0,,,,,,,,,,,
1930,,,,0,,,,,,,,,,,
1931,,,,0,,,,,,,,,,,
1932,,,,0,,,,,,,,,,,
1933,,,,0,,,,,,,,,,,
1934,,,,0,,,,,,,,,,,
1935,,,,0,,,,,,,,,,,
1936,,,,0,,,,,,,,,,,
1937,,,,0,,,,,,,,,,,
1938,,,,0,,,,,,,,,,,
1939,,,,0,,,,,,,,,,,
1940,,,,0,,,,,,,,,,,
1941,,,,0,,,,,,,,,,,
1942,,,,0,,,,,,,,,,,
1943,,,,0,,,,,,,,,,,
1944,,,,0,,,,,,,,,,,
1945,,,,0,,,,,,,,,,,
1946,,,,0,,,,,,,,,,,
1947,,,,0,,,,,,,,,,,
1948,,,,0,,,,,,,,,,,
1949,,,,0,,,,,,,,,,,
1950,,,,0,,,,,,,,,,,
1951,,,,0,,,,,,,,,,,
1952,,,,0,,,,,,,,,,,
1953,,,,0,,,,,,,,,,,
1954,,,,0,,,,,,,,,,,
1955,,,,0,,,,,,,,,,,
1956,,,,0,,,,,,,,,,,
1957,,,,0,,,,,,,,,,,
1958,,,,0,,,,,,,,,,,
1959,,,,0,,,,,,,,,,,
1960,,,,0,,,,,,,,,,,
1961,,,,0,,,,,,,,,,,
1962,,,,0,,,,,,,,,,,
1963,,,,0,,,,,,,,,,,
1964,,,,0,,,,,,,,,,,
1965,,,,0,,,,,,,,,,,
1966,,,,0,,,,,,,,,,,
1967,,,,0,,,,,,,,,,,
1968,,,,0,,,,,,,,,,,
1969,,,,0,,,,,,,,,,,
1970,,,,0,,,,,,,,,,,
1971,,,,0,,,,,,,,,,,
1972,,,,0,,,,,,,,,,,
1973,,,,0,,,,,,,,,,,
1974,,,,0,,,,,,,,,,,
1975,,,,0,,,,,,,,,,,
1976,,,,0,,,,,,,,,,,
1977,,,,0,,,,,,,,,,,
1978,,,,0,,,,,,,,,,,
1979,,,,0,,,,,,,,,,,
1980,,,,0,,,,,,,,,,,
1981,,,,0,,,,,,,,,,,
1982,,,,0,,,,,,,,,,,
1983,,,,0,,,,,,,,,,,
1984,,,,0,,,,,,,,,,,
1985,,,,0,,,,,,,,,,,
1986,,,,0,,,,,,,,,,,
1987,,,,0,,,,,,,,,,,
1988,,,,0,,,,,,,,,,,
1989,,,,0,,,,,,,,,,,
1990,,,,0,,,,,,,,,,,
1991,,,,0,,,,,,,,,,,
1992,,,,0,,,,,,,,,,,
1993,,,,0,,,,,,,,,,,
1994,,,,0,,,,,,,,,,,
1995,,,,0,,,,,,,,,,,
1996,,,,0,,,,,,,,,,,
1997,,,,0,,,,,,,,,,,
1998,,,,0,,,,,,,,,,,
1999,,,,0,,,,,,,,,,,
2000,,,,0,,,,,,,,,,,
2001,,,,0,,,,,,,,,,,
2002,,,,0,,,,,,,,,,,
2003,,,,0,,,,,,,,,,,
2004,,,,0,,,,,,,,,,,
2005,,,,0,,,,,,,,,,,
2006,,,,0,,,,,,,,,,,
2007,,,,0,,,,,,,,,,,
2008,,,,0,,,,,,,,,,,
2009,,,,0,,,,,,,,,,,
2010,,,,0,,,,,,,,,,,
2011,,,,0,,,,,,,,,,,
2012,,,,0,,,,,,,,,,,
2013,,,,0,,,,,,,,,,,
2014,,,,0,,,,,,,,,,,
2015,,,,0,,,,,,,,,,,
2016,,,,0,,,,,,,,,,,
2017,,,,0,,,,,,,,,,,
2018,,,,0,,,,,,,,,,,
2019,,,,0,,,,,,,,,,,
2020,,,,0,,,,,,,,,,,
2021,,,,0,,,,,,,,,,,
2022,,,,0,,,,,,,,,,,
2023,,,,0,,,,,,,,,,,
2024,,,,0,,,,,,,,,,,
2025,,,,0,,,,,,,,,,,
2026,,,,0,,,,,,,,,,,
2027,,,,0,,,,,,,,,,,
2028,,,,0,,,,,,,,,,,
2029,,,,0,,,,,,,,,,,
2030,,,,0,,,,,,,,,,,
2031,,,,0,,,,,,,,,,,
2032,,,,0,,,,,,,,,,,
2033,,,,0,,,,,,,,,,,
2034,,,,0,,,,,,,,,,,
2035,,,,0,,,,,,,,,,,
2036,,,,0,,,,,,,,,,,
2037,,,,0,,,,,,,,,,,
2038,,,,0,,,,,,,,,,,
2039,,,,0,,,,,,,,,,,
2040,,,,0,,,,,,,,,,,
2041,,,,0,,,,,,,,,,,
2042,,,,0,,,,,,,,,,,
2043,,,,0,,,,,,,,,,,
2044,,,,0,,,,,,,,,,,
2045,,,,0,,,,,,,,,,,
2046,,,,0,,,,,,,,,,,
2047,,,,0,,,,,,,,,,,
2048,,,,0,,,,,,,,,,,
2049,,,,0,,,,,,,,,,,
2050,,,,0,,,,,,,,,,,
2051,,,,0,,,,,,,,,,,
2052,,,,0,,,,,,,,,,,
2053,,,,0,,,,,,,,,,,
2054,,,,0,,,,,,,,,,,
2055,,,,0,,,,,,,,,,,
2056,,,,0,,,,,,,,,,,
2057,,,,0,,,,,,,,,,,
2058,,,,0,,,,,,,,,,,
2059,,,,0,,,,,,,,,,,
2060,,,,0,,,,,,,,,,,
2061,,,,0,,,,,,,,,,,
2062,,,,0,,,,,,,,,,,
2063,,,,0,,,,,,,,,,,
2064,,,,0,,,,,,,,,,,
2065,,,,0,,,,,,,,,,,
2066,,,,0,,,,,,,,,,,
2067,,,,0,,,,,,,,,,,
2068,,,,0,,,,,,,,,,,
2069,,,,0,,,,,,,,,,,
2070,,,,0,,,,,,,,,,,
2071,,,,0,,,,,,,,,,,
2072,,,,0,,,,,,,,,,,
2073,,,,0,,,,,,,,,,,
2074,,,,0,,,,,,,,,,,
2075,,,,0,,,,,,,,,,,
2076,,,,0,,,,,,,,,,,
2077,,,,0,,,,,,,,,,,
2078,,,,0,,,,,,,,,,,
2079,,,,0,,,,,,,,,,,
2080,,,,0,,,,,,,,,,,
2081,,,,0,,,,,,,,,,,
2082,,,,0,,,,,,,,,,,
2083,,,,0,,,,,,,,,,,
2084,,,,0,,,,,,,,,,,
2085,,,,0,,,,,,,,,,,
2086,,,,0,,,,,,,,,,,
2087,,,,0,,,,,,,,,,,
2088,,,,0,,,,,,,,,,,
2089,,,,0,,,,,,,,,,,
2090,,,,0,,,,,,,,,,,
2091,,,,0,,,,,,,,,,,
2092,,,,0,,,,,,,,,,,
2093,,,,0,,,,,,,,,,,
2094,,,,0,,,,,,,,,,,
2095,,,,0,,,,,,,,,,,
2096,,,,0,,,,,,,,,,,
2097,,,,0,,,,,,,,,,,
2098,,,,0,,,,,,,,,,,
2099,,,,0,,,,,,,,,,,
2100,,,,0,,,,,,,,,,,
2101,,,,0,,,,,,,,,,,
2102,,,,0,,,,,,,,,,,
2103,,,,0,,,,,,,,,,,
2104,,,,0,,,,,,,,,,,
2105,,,,0,,,,,,,,,,,
2106,,,,0,,,,,,,,,,,
2107,,,,0,,,,,,,,,,,
2108,,,,0,,,,,,,,,,,
2109,,,,0,,,,,,,,,,,
2110,,,,0,,,,,,,,,,,
2111,,,,0,,,,,,,,,,,
2112,,,,0,,,,,,,,,,,
2113,,,,0,,,,,,,,,,,
